[
  {
    "id": "67b6418b-aa80-4c05-9f33-2a4ae09f2c7d",
    "data": [
      {
        "text": "text",
        "alias": "any",
        "meta": "@sys.any",
        "userDefined": true
      },
      {
        "text": " ",
        "userDefined": false
      },
      {
        "text": "facebook",
        "alias": "Facebook",
        "meta": "@Facebook",
        "userDefined": false
      }
    ],
    "isTemplate": false,
    "count": 0,
    "updated": 1520378047
  },
  {
    "id": "fa2f9a35-781e-4a1b-a22a-f8129d52384f",
    "data": [
      {
        "text": "facebook",
        "alias": "Facebook",
        "meta": "@Facebook",
        "userDefined": true
      }
    ],
    "isTemplate": false,
    "count": 1,
    "updated": 1520378047
  }
]