[
  {
    "id": "5abd7127-7982-48dd-8584-9f2fcd4e9a95",
    "data": [
      {
        "text": "What \u0027s my ",
        "userDefined": false
      },
      {
        "text": "name",
        "alias": "Username",
        "meta": "@Username",
        "userDefined": true
      },
      {
        "text": "?",
        "userDefined": false
      }
    ],
    "isTemplate": false,
    "count": 0,
    "updated": 1520377599
  },
  {
    "id": "9be9f113-8f49-4b55-9a59-f7940b6923bd",
    "data": [
      {
        "text": "username",
        "alias": "Username",
        "meta": "@Username",
        "userDefined": true
      }
    ],
    "isTemplate": false,
    "count": 0,
    "updated": 1520377599
  }
]