[
  {
    "id": "5bc7bfe3-ac33-4241-a8bd-c4a0082ab425",
    "data": [
      {
        "text": "E-mail",
        "userDefined": false
      }
    ],
    "isTemplate": false,
    "count": 0,
    "updated": 1520379183
  },
  {
    "id": "99c7eebc-bbb0-4b9f-a766-7e07fb072b93",
    "data": [
      {
        "text": "What\u0027s my email",
        "userDefined": false
      }
    ],
    "isTemplate": false,
    "count": 0,
    "updated": 1520379183
  },
  {
    "id": "68eb9586-bdeb-4c52-8a16-e2806349a001",
    "data": [
      {
        "text": "What is my email",
        "userDefined": false
      }
    ],
    "isTemplate": false,
    "count": 0,
    "updated": 1520379183
  },
  {
    "id": "5750d0ac-aae7-47c7-9bd4-d053826a8ac5",
    "data": [
      {
        "text": "text",
        "alias": "any",
        "meta": "@sys.any",
        "userDefined": true
      },
      {
        "text": " email",
        "userDefined": false
      }
    ],
    "isTemplate": false,
    "count": 0,
    "updated": 1520379183
  },
  {
    "id": "c67f244b-7ea4-4627-aa99-67f6816c7aaf",
    "data": [
      {
        "text": "Email",
        "userDefined": false
      }
    ],
    "isTemplate": false,
    "count": 0,
    "updated": 1520379183
  },
  {
    "id": "f0aeabe0-7f3f-4880-a572-283457e1f008",
    "data": [
      {
        "text": "email",
        "userDefined": false
      }
    ],
    "isTemplate": false,
    "count": 0,
    "updated": 1520379183
  }
]