[
  {
    "id": "d872fbc2-921c-4781-8066-c84a6c0f622a",
    "data": [
      {
        "text": "can you get my friends posts?",
        "userDefined": false
      }
    ],
    "isTemplate": false,
    "count": 0,
    "updated": 1524813946
  },
  {
    "id": "c96f9eb3-1b46-4ed7-afa0-8422e50841d5",
    "data": [
      {
        "text": "friends posts",
        "userDefined": false
      }
    ],
    "isTemplate": false,
    "count": 0,
    "updated": 1524813946
  },
  {
    "id": "8b517b1e-9ee6-4c3c-ae8f-8f0ed8462683",
    "data": [
      {
        "text": "Can you get my friend\u0027s posts? ",
        "userDefined": false
      },
      {
        "text": "Bob",
        "alias": "name",
        "meta": "@Name",
        "userDefined": true
      }
    ],
    "isTemplate": false,
    "count": 0,
    "updated": 1524813946
  },
  {
    "id": "56173392-1fba-46b4-9d9f-5ec638ccee16",
    "data": [
      {
        "text": "Can you get my friend\u0027s posts? ",
        "userDefined": false
      },
      {
        "text": "Mark",
        "alias": "name",
        "meta": "@Name",
        "userDefined": true
      }
    ],
    "isTemplate": false,
    "count": 0,
    "updated": 1524813946
  },
  {
    "id": "22ec3a63-8f48-408b-a31d-7174fc5b42fe",
    "data": [
      {
        "text": "Can you get my friend\u0027s posts? ",
        "userDefined": false
      },
      {
        "text": "Lisa",
        "alias": "name",
        "meta": "@Name",
        "userDefined": true
      }
    ],
    "isTemplate": false,
    "count": 0,
    "updated": 1524813946
  }
]