[
  {
    "id": "e22916cd-7b77-45fe-9608-5da6095cbbc8",
    "data": [
      {
        "text": "My Posts",
        "userDefined": false
      }
    ],
    "isTemplate": false,
    "count": 0,
    "updated": 1522907910
  },
  {
    "id": "10e7a4f1-89f5-4cb0-a698-f484aacb130b",
    "data": [
      {
        "text": "Can you get my posts?",
        "userDefined": false
      }
    ],
    "isTemplate": false,
    "count": 1,
    "updated": 1524604284
  },
  {
    "id": "8c8e9aa1-0ded-4915-84a2-866e50294df1",
    "data": [
      {
        "text": "Post",
        "userDefined": false
      }
    ],
    "isTemplate": false,
    "count": 0,
    "updated": 1522907910
  }
]