[
  {
    "id": "acbbef94-d9d5-4c3a-b100-7d760cee722a",
    "data": [
      {
        "text": "who are my friends?",
        "userDefined": false
      }
    ],
    "isTemplate": false,
    "count": 0,
    "updated": 1524703188
  },
  {
    "id": "5966164a-2014-4f27-8051-410b2b126544",
    "data": [
      {
        "text": "Can you get my friends?",
        "userDefined": false
      }
    ],
    "isTemplate": false,
    "count": 0,
    "updated": 1522908048
  },
  {
    "id": "6a311ce5-39ba-4391-9abc-2cff0155f289",
    "data": [
      {
        "text": "Can you get my friends list?",
        "userDefined": false
      }
    ],
    "isTemplate": false,
    "count": 0,
    "updated": 1522908048
  },
  {
    "id": "7f6f3b01-f7a2-4d2c-86a0-2198d3c81d36",
    "data": [
      {
        "text": "Friends list",
        "userDefined": false
      }
    ],
    "isTemplate": false,
    "count": 0,
    "updated": 1522908048
  },
  {
    "id": "e564f4f3-8725-4ff0-80cd-2850c27acdbe",
    "data": [
      {
        "text": "Friends",
        "userDefined": false
      }
    ],
    "isTemplate": false,
    "count": 0,
    "updated": 1522908048
  }
]