[
  {
    "id": "0f447cc2-a071-482f-961e-89abbe4220ed",
    "data": [
      {
        "text": "Could you help me reset my ",
        "userDefined": false
      },
      {
        "text": "password",
        "alias": "password",
        "meta": "@password",
        "userDefined": true
      },
      {
        "text": "?",
        "userDefined": false
      }
    ],
    "isTemplate": false,
    "count": 0,
    "updated": 1520377369
  },
  {
    "id": "d3588812-137b-4d26-814d-1ae1bb87b3d4",
    "data": [
      {
        "text": "I think I might have been hacked",
        "userDefined": false
      }
    ],
    "isTemplate": false,
    "count": 0,
    "updated": 1520377369
  },
  {
    "id": "d6352f45-c5c2-41bf-94a3-4691cc8325f7",
    "data": [
      {
        "text": "I forgot my ",
        "userDefined": false
      },
      {
        "text": "password",
        "alias": "password",
        "meta": "@password",
        "userDefined": true
      }
    ],
    "isTemplate": false,
    "count": 0,
    "updated": 1520377369
  },
  {
    "id": "d5cad779-327f-47d3-9178-4e3c445f08d6",
    "data": [
      {
        "text": "What do I do if I\u0027ve been hacked?",
        "userDefined": false
      }
    ],
    "isTemplate": false,
    "count": 0,
    "updated": 1520377369
  },
  {
    "id": "e14772aa-9bbe-4bce-ba4c-0de06b9e94b9",
    "data": [
      {
        "text": "password",
        "alias": "password",
        "meta": "@password",
        "userDefined": true
      }
    ],
    "isTemplate": false,
    "count": 1,
    "updated": 1520377369
  },
  {
    "id": "2b2d87b0-99fc-4045-8bca-8f2bdde3b400",
    "data": [
      {
        "text": "I can\u0027t remember my ",
        "userDefined": false
      },
      {
        "text": "password",
        "alias": "password",
        "meta": "@password",
        "userDefined": true
      }
    ],
    "isTemplate": false,
    "count": 0,
    "updated": 1520377369
  },
  {
    "id": "5ea45d30-ec4c-4961-b64f-74ab54c5c9c5",
    "data": [
      {
        "text": "Reset ",
        "userDefined": false
      },
      {
        "text": "password",
        "alias": "password",
        "meta": "@password",
        "userDefined": true
      }
    ],
    "isTemplate": false,
    "count": 0,
    "updated": 1520377369
  },
  {
    "id": "94988c87-a456-4d18-aec2-26932f319d5e",
    "data": [
      {
        "text": "What\u0027s my ",
        "userDefined": false
      },
      {
        "text": "password",
        "alias": "password",
        "meta": "@password",
        "userDefined": true
      },
      {
        "text": " again?",
        "userDefined": false
      }
    ],
    "isTemplate": false,
    "count": 0,
    "updated": 1520377369
  }
]