[
  {
    "id": "6c789a5f-5c0a-4d11-97de-0183c05a5e27",
    "data": [
      {
        "text": "what are the things that you can do?",
        "userDefined": false
      }
    ],
    "isTemplate": false,
    "count": 0,
    "updated": 1523924315
  },
  {
    "id": "ef39fec3-81c0-4c78-8770-5a9553877b98",
    "data": [
      {
        "text": "What are you able to help me with?",
        "userDefined": false
      }
    ],
    "isTemplate": false,
    "count": 0,
    "updated": 1523924315
  },
  {
    "id": "e590c1a3-72ae-487e-a22f-a21ad4af7513",
    "data": [
      {
        "text": "Help",
        "userDefined": false
      }
    ],
    "isTemplate": false,
    "count": 0,
    "updated": 1523924315
  },
  {
    "id": "23e91abd-2147-4ada-9638-8974963296c5",
    "data": [
      {
        "text": "HAAAAALP",
        "userDefined": false
      }
    ],
    "isTemplate": false,
    "count": 0,
    "updated": 1523924315
  },
  {
    "id": "298c05da-deab-4689-b3c7-dd658ca0f460",
    "data": [
      {
        "text": "What can you do?",
        "userDefined": false
      }
    ],
    "isTemplate": false,
    "count": 0,
    "updated": 1523924315
  },
  {
    "id": "301b7bdf-c0da-4250-b6be-7abd189d2f18",
    "data": [
      {
        "text": "Show me all you can do",
        "userDefined": false
      }
    ],
    "isTemplate": false,
    "count": 0,
    "updated": 1523924315
  },
  {
    "id": "6ee37166-8768-48f9-aa23-2a9d5de4528f",
    "data": [
      {
        "text": "HALP",
        "userDefined": false
      }
    ],
    "isTemplate": false,
    "count": 0,
    "updated": 1523924315
  },
  {
    "id": "c3fca8b3-14d4-4b31-ae47-65c01540b4d6",
    "data": [
      {
        "text": "What services do you offer?",
        "userDefined": false
      }
    ],
    "isTemplate": false,
    "count": 0,
    "updated": 1523924315
  }
]