[
  {
    "id": "06312199-38ef-4ec1-a12e-fb638dbef514",
    "data": [
      {
        "text": "update my privacy to friends",
        "userDefined": false
      }
    ],
    "isTemplate": false,
    "count": 0,
    "updated": 1521582568
  },
  {
    "id": "63146d29-80e9-4df7-9542-c776098c8f95",
    "data": [
      {
        "text": "make my posts friends only",
        "userDefined": false
      }
    ],
    "isTemplate": false,
    "count": 0,
    "updated": 1521582568
  },
  {
    "id": "f4fdb3ee-a1cd-4d29-ba9f-d72d2ae2858c",
    "data": [
      {
        "text": "do not want anyone besides my friends to see my posts",
        "userDefined": false
      }
    ],
    "isTemplate": false,
    "count": 0,
    "updated": 1521582568
  },
  {
    "id": "55c41356-6c65-4de5-913b-6d325a8c7321",
    "data": [
      {
        "text": "make my posts so only friends see it",
        "userDefined": false
      }
    ],
    "isTemplate": false,
    "count": 0,
    "updated": 1524603380
  },
  {
    "id": "51ab504b-7264-4329-ad54-5084aa8e4ed5",
    "data": [
      {
        "text": "Change my privacy setting to friends only",
        "userDefined": false
      }
    ],
    "isTemplate": false,
    "count": 0,
    "updated": 1522966291
  },
  {
    "id": "027e73a0-fc61-4855-848f-5ba0c2bbbf97",
    "data": [
      {
        "text": "How can I make my posts private?",
        "userDefined": false
      }
    ],
    "isTemplate": false,
    "count": 0,
    "updated": 1521582568
  }
]