[
  {
    "id": "daa29154-cef4-4763-bf54-188fd5a2ad20",
    "data": [
      {
        "text": "games",
        "userDefined": false
      }
    ],
    "isTemplate": false,
    "count": 0,
    "updated": 1520378279
  },
  {
    "id": "2b96d08c-68f4-4e9d-9d44-feaf21558f41",
    "data": [
      {
        "text": "where do i play games",
        "userDefined": false
      }
    ],
    "isTemplate": false,
    "count": 0,
    "updated": 0
  },
  {
    "id": "0df9db80-2893-493a-bfa7-94b240bcef40",
    "data": [
      {
        "text": "how do i play games",
        "userDefined": false
      }
    ],
    "isTemplate": false,
    "count": 0,
    "updated": 0
  },
  {
    "id": "89515420-d53b-48a3-a085-5ec617f86406",
    "data": [
      {
        "text": "game",
        "userDefined": false
      }
    ],
    "isTemplate": false,
    "count": 0,
    "updated": 1520378279
  }
]