[
  {
    "id": "449e6fc9-e46b-4519-b7f7-020ac4ec7242",
    "data": [
      {
        "text": "What are the different applications added to my ",
        "userDefined": false
      },
      {
        "text": "Facebook",
        "alias": "Facebook",
        "meta": "@Facebook",
        "userDefined": false
      },
      {
        "text": "?",
        "userDefined": false
      }
    ],
    "isTemplate": false,
    "count": 0,
    "updated": 1522967137
  },
  {
    "id": "56d20d37-bb3b-4307-b028-4003f3234b60",
    "data": [
      {
        "text": "How can I look at my application permissions?",
        "userDefined": false
      }
    ],
    "isTemplate": false,
    "count": 0,
    "updated": 1522967137
  },
  {
    "id": "16287e6c-8971-4d27-bc87-48f7b5485bd8",
    "data": [
      {
        "text": "I want to check my application permissions",
        "userDefined": false
      }
    ],
    "isTemplate": false,
    "count": 0,
    "updated": 1522967137
  },
  {
    "id": "fed7464f-2efb-4e84-9259-30569315df42",
    "data": [
      {
        "text": "I want to see my application permissions.",
        "userDefined": false
      }
    ],
    "isTemplate": false,
    "count": 0,
    "updated": 1522967137
  },
  {
    "id": "6c77fd67-1bda-4efc-a6a8-b7deaa9d77c2",
    "data": [
      {
        "text": "I want to see my app permissions.",
        "userDefined": false
      }
    ],
    "isTemplate": false,
    "count": 0,
    "updated": 1522967137
  },
  {
    "id": "a5cd14fc-c209-4bd8-9c7e-c2d967f5a19c",
    "data": [
      {
        "text": "What are the different apps that I have added to my ",
        "userDefined": false
      },
      {
        "text": "Facebook",
        "alias": "Facebook",
        "meta": "@Facebook",
        "userDefined": false
      },
      {
        "text": "?",
        "userDefined": false
      }
    ],
    "isTemplate": false,
    "count": 0,
    "updated": 1522967137
  },
  {
    "id": "cae6ed66-67ab-4f95-92e1-34c7bdd0f8a3",
    "data": [
      {
        "text": "I want to check my app permissions.",
        "userDefined": false
      }
    ],
    "isTemplate": false,
    "count": 0,
    "updated": 1522967137
  },
  {
    "id": "1f65938e-fb09-4590-b2de-32c088ae8ecd",
    "data": [
      {
        "text": "How can I look at my app permissions?",
        "userDefined": false
      }
    ],
    "isTemplate": false,
    "count": 0,
    "updated": 1522967137
  }
]