[
  {
    "id": "1d8cd631-1b99-47b0-90e5-ca37cff1a4c3",
    "data": [
      {
        "text": "who can send me friend requests?",
        "userDefined": false
      }
    ],
    "isTemplate": false,
    "count": 0,
    "updated": 1522966518
  },
  {
    "id": "f6480657-8111-4369-8fe7-60ca4b63bff2",
    "data": [
      {
        "text": "Do you want to review your friend request permissions?",
        "userDefined": false
      }
    ],
    "isTemplate": false,
    "count": 0,
    "updated": 1522966518
  },
  {
    "id": "d1ddd98e-983d-48a1-a9b0-dca03f17dd90",
    "data": [
      {
        "text": "I want to look at who can send me friend requests?",
        "userDefined": false
      }
    ],
    "isTemplate": false,
    "count": 0,
    "updated": 1522966518
  },
  {
    "id": "9f073984-4d25-490d-b18a-bc88adc4a864",
    "data": [
      {
        "text": "who is able send me friend requests?",
        "userDefined": false
      }
    ],
    "isTemplate": false,
    "count": 0,
    "updated": 1522966518
  },
  {
    "id": "7dd0eac2-ef46-4065-91bd-9d64c8b0d973",
    "data": [
      {
        "text": "how do I check who is able send me friend requests?",
        "userDefined": false
      }
    ],
    "isTemplate": false,
    "count": 0,
    "updated": 1522966518
  },
  {
    "id": "01d5651f-f22d-4e92-af35-c454c05dab70",
    "data": [
      {
        "text": "I want to look at who is able to send me friend requests?",
        "userDefined": false
      }
    ],
    "isTemplate": false,
    "count": 0,
    "updated": 1522966518
  },
  {
    "id": "75f67f59-5f87-48aa-b014-3489cea43d8d",
    "data": [
      {
        "text": "how do I check who can send me friend requests?",
        "userDefined": false
      }
    ],
    "isTemplate": false,
    "count": 0,
    "updated": 1522966518
  }
]