[
  {
    "id": "4565ed90-4218-4336-b80d-87cf74d6ffd9",
    "data": [
      {
        "text": "I don\u0027t know how to log into facebook.",
        "userDefined": false
      }
    ],
    "isTemplate": false,
    "count": 0
  },
  {
    "id": "754bb355-a9c2-4f38-a019-5dd111851099",
    "data": [
      {
        "text": "Can you help me log into facebook?",
        "userDefined": false
      }
    ],
    "isTemplate": false,
    "count": 0
  },
  {
    "id": "143d4778-2aa9-4a22-a761-5d4dc108f235",
    "data": [
      {
        "text": "How do I ",
        "userDefined": false
      },
      {
        "text": "login",
        "alias": "Login_Help",
        "meta": "@Login_Help",
        "userDefined": false
      }
    ],
    "isTemplate": false,
    "count": 0,
    "updated": 1519077445
  },
  {
    "id": "f97a955b-4d5b-4723-bca4-932ebac5ca8e",
    "data": [
      {
        "text": "I am having trouble ",
        "userDefined": false
      },
      {
        "text": "logging",
        "alias": "Login_Help",
        "meta": "@Login_Help",
        "userDefined": true
      },
      {
        "text": " into my ",
        "userDefined": false
      },
      {
        "text": "account",
        "alias": "account",
        "meta": "@account",
        "userDefined": true
      },
      {
        "text": ".",
        "userDefined": false
      }
    ],
    "isTemplate": false,
    "count": 0
  },
  {
    "id": "4d37e348-9eb6-4d64-90ab-a4653b6e3d7e",
    "data": [
      {
        "text": "Help me log in",
        "userDefined": false
      }
    ],
    "isTemplate": false,
    "count": 0
  },
  {
    "id": "f5907a61-5963-4232-81ae-1d0550ecb486",
    "data": [
      {
        "text": "Help me ",
        "userDefined": false
      },
      {
        "text": "login",
        "alias": "Login_Help",
        "meta": "@Login_Help",
        "userDefined": false
      }
    ],
    "isTemplate": false,
    "count": 0,
    "updated": 0
  },
  {
    "id": "c8e90d92-af8f-4d52-91a1-c83280701ba3",
    "data": [
      {
        "text": "How do I ",
        "userDefined": false
      },
      {
        "text": "login",
        "alias": "Login_Help",
        "meta": "@Login_Help",
        "userDefined": true
      },
      {
        "text": " into my ",
        "userDefined": false
      },
      {
        "text": "account",
        "alias": "account",
        "meta": "@account",
        "userDefined": true
      },
      {
        "text": "?",
        "userDefined": false
      }
    ],
    "isTemplate": false,
    "count": 0,
    "updated": 1512072310
  },
  {
    "id": "fabcc413-d1fc-4055-b11f-cac2078b4677",
    "data": [
      {
        "text": "Help me login I need help logging in. How do I log into facebook?",
        "userDefined": false
      }
    ],
    "isTemplate": false,
    "count": 0
  }
]