[
  {
    "id": "316ea1d9-ba6d-46a5-bde4-f55b339eddd4",
    "data": [
      {
        "text": "Should I post this?",
        "userDefined": false
      }
    ],
    "isTemplate": false,
    "count": 0,
    "updated": 1520027115
  },
  {
    "id": "0163363f-7297-401f-bed1-ccc85b7eee21",
    "data": [
      {
        "text": "Help me post",
        "userDefined": false
      }
    ],
    "isTemplate": false,
    "count": 0,
    "updated": 1520025542
  },
  {
    "id": "d3255b07-218d-4ada-bd76-f4ae1a6544dd",
    "data": [
      {
        "text": "post advice",
        "userDefined": false
      }
    ],
    "isTemplate": false,
    "count": 0,
    "updated": 1520027057
  },
  {
    "id": "77de74cf-2e54-4d1e-8d31-baff98e09696",
    "data": [
      {
        "text": "I need advice on this post.",
        "userDefined": false
      }
    ],
    "isTemplate": false,
    "count": 0,
    "updated": 1520025542
  },
  {
    "id": "f1c71a89-120d-4a0b-b253-a7ebd336e4bf",
    "data": [
      {
        "text": "Post help",
        "userDefined": false
      }
    ],
    "isTemplate": false,
    "count": 0,
    "updated": 1520025542
  },
  {
    "id": "e75e00c2-5eeb-41c1-a56d-2a557b27a017",
    "data": [
      {
        "text": "help me with my facebook post",
        "userDefined": false
      }
    ],
    "isTemplate": false,
    "count": 0,
    "updated": 1520027446
  },
  {
    "id": "b71c21f0-1783-4f53-bea3-54310f8b68cb",
    "data": [
      {
        "text": "Post advice",
        "userDefined": false
      }
    ],
    "isTemplate": false,
    "count": 0,
    "updated": 1520025542
  }
]