[
  {
    "id": "6766dc37-473e-4f85-acfc-758211d14239",
    "data": [
      {
        "text": "there\u0027s no problem",
        "userDefined": false
      }
    ],
    "isTemplate": false,
    "count": 0,
    "updated": 0
  },
  {
    "id": "0f6f4db1-1a08-4f24-82e3-bb690b8d2337",
    "data": [
      {
        "text": "don\u0027t",
        "meta": "@sys.ignore",
        "userDefined": false
      },
      {
        "text": " worry there\u0027s no problem",
        "userDefined": false
      }
    ],
    "isTemplate": false,
    "count": 0,
    "updated": 0
  },
  {
    "id": "0c6eba91-12eb-4643-b1a7-c18e5a53fe24",
    "data": [
      {
        "text": "no probs",
        "userDefined": false
      }
    ],
    "isTemplate": false,
    "count": 0,
    "updated": 0
  },
  {
    "id": "10c8744d-9f5c-4bad-a7a8-b92e6e25b0e8",
    "data": [
      {
        "text": "no problem",
        "userDefined": false
      }
    ],
    "isTemplate": false,
    "count": 0,
    "updated": 0
  },
  {
    "id": "be4c597e-3661-4165-bb52-1fd77a9838d0",
    "data": [
      {
        "text": "no problem about that",
        "userDefined": false
      }
    ],
    "isTemplate": false,
    "count": 0,
    "updated": 0
  },
  {
    "id": "2277929a-3319-4d1c-ab20-ae294b2ca7a8",
    "data": [
      {
        "text": "sure",
        "meta": "@sys.ignore",
        "userDefined": false
      },
      {
        "text": " no problem",
        "userDefined": false
      }
    ],
    "isTemplate": false,
    "count": 0,
    "updated": 0
  },
  {
    "id": "f5fb46b9-89e3-4f74-ab2f-83eaadf518b3",
    "data": [
      {
        "text": "no worries",
        "userDefined": false
      }
    ],
    "isTemplate": false,
    "count": 0,
    "updated": 0
  },
  {
    "id": "1930b4fd-af68-437b-829a-1d736b685384",
    "data": [
      {
        "text": "don",
        "meta": "@sys.ignore",
        "userDefined": false
      },
      {
        "text": "\u0027t worry",
        "userDefined": false
      }
    ],
    "isTemplate": false,
    "count": 0,
    "updated": 0
  }
]