[
  {
    "id": "f8b56e72-d150-4659-9ff3-48a009d0552f",
    "data": [
      {
        "text": "can we chat",
        "userDefined": false
      }
    ],
    "isTemplate": false,
    "count": 0,
    "updated": 0
  },
  {
    "id": "2607c22a-4b12-4eea-989e-3a7ac786738a",
    "data": [
      {
        "text": "can I speak",
        "userDefined": false
      }
    ],
    "isTemplate": false,
    "count": 0,
    "updated": 0
  },
  {
    "id": "defd50ac-ab55-4158-b995-8089b4fea6dc",
    "data": [
      {
        "text": "I want to speak with you",
        "userDefined": false
      }
    ],
    "isTemplate": false,
    "count": 0,
    "updated": 0
  },
  {
    "id": "1db6ecce-0f0e-48a6-a5eb-2fd1863886a6",
    "data": [
      {
        "text": "I want to talk to you",
        "userDefined": false
      }
    ],
    "isTemplate": false,
    "count": 0,
    "updated": 0
  },
  {
    "id": "5b7556eb-ea0a-4acb-8c34-17934ad4ac0c",
    "data": [
      {
        "text": "let\u0027s have a discussion",
        "userDefined": false
      }
    ],
    "isTemplate": false,
    "count": 0,
    "updated": 0
  },
  {
    "id": "019423c7-2df6-45fb-9433-ca72e486ed43",
    "data": [
      {
        "text": "let\u0027s discuss something",
        "userDefined": false
      }
    ],
    "isTemplate": false,
    "count": 1,
    "updated": 0
  },
  {
    "id": "1d445c95-d684-4d52-bd51-85ffd97c86ff",
    "data": [
      {
        "text": "let\u0027s talk",
        "userDefined": false
      }
    ],
    "isTemplate": false,
    "count": 0,
    "updated": 0
  },
  {
    "id": "d594b200-8d04-4c33-a86f-6c536c97d4a9",
    "data": [
      {
        "text": "I need to talk to you",
        "userDefined": false
      }
    ],
    "isTemplate": false,
    "count": 0,
    "updated": 0
  },
  {
    "id": "769df5ba-068e-4360-b350-77ab7218bf46",
    "data": [
      {
        "text": "can I start speaking",
        "userDefined": false
      }
    ],
    "isTemplate": false,
    "count": 0,
    "updated": 0
  },
  {
    "id": "9c3634b9-e0d7-4e94-bfcd-54e34b2a73e8",
    "data": [
      {
        "text": "I just want to talk",
        "userDefined": false
      }
    ],
    "isTemplate": false,
    "count": 0,
    "updated": 0
  },
  {
    "id": "ccc5b873-036f-4382-a9b1-2f6307ef192e",
    "data": [
      {
        "text": "can we talk",
        "userDefined": false
      }
    ],
    "isTemplate": false,
    "count": 0,
    "updated": 0
  }
]