[
  {
    "id": "4213411e-c370-4967-af80-32421632b470",
    "data": [
      {
        "text": "I promise to ",
        "userDefined": false
      },
      {
        "text": "come",
        "meta": "@sys.ignore",
        "userDefined": false
      },
      {
        "text": " back",
        "userDefined": false
      }
    ],
    "isTemplate": false,
    "count": 0,
    "updated": 0
  },
  {
    "id": "f06aba33-9ebc-4605-91c4-f7fe4ca7fa40",
    "data": [
      {
        "text": "I\u0027ll be back",
        "userDefined": false
      }
    ],
    "isTemplate": false,
    "count": 0,
    "updated": 0
  },
  {
    "id": "f69041ac-2ab2-4df2-955b-7df1f4203ef3",
    "data": [
      {
        "text": "be back ",
        "userDefined": false
      },
      {
        "text": "in",
        "meta": "@sys.ignore",
        "userDefined": false
      },
      {
        "text": " ",
        "userDefined": false
      },
      {
        "text": "5",
        "meta": "@sys.ignore",
        "userDefined": false
      },
      {
        "text": " minutes",
        "userDefined": false
      }
    ],
    "isTemplate": false,
    "count": 0,
    "updated": 0
  },
  {
    "id": "a655edfd-e659-4981-b8cf-8adce7c71e18",
    "data": [
      {
        "text": "I\u0027ll be back in a few minutes",
        "userDefined": false
      }
    ],
    "isTemplate": false,
    "count": 0,
    "updated": 0
  },
  {
    "id": "ab02facf-980e-4e00-8c8b-0094169e5bc0",
    "data": [
      {
        "text": "I\u0027ll get back to you ",
        "userDefined": false
      },
      {
        "text": "in",
        "meta": "@sys.ignore",
        "userDefined": false
      },
      {
        "text": " a moment",
        "userDefined": false
      }
    ],
    "isTemplate": false,
    "count": 0,
    "updated": 0
  }
]