[
  {
    "id": "24299f85-5c1e-4aa3-8405-80fe5f191881",
    "data": [
      {
        "text": "what\u0027s shaking",
        "userDefined": false
      }
    ],
    "isTemplate": false,
    "count": 0,
    "updated": 1520378094
  },
  {
    "id": "60d9cdeb-ade6-4897-ba88-39dc8af147ab",
    "data": [
      {
        "text": "whazzup",
        "userDefined": false
      }
    ],
    "isTemplate": false,
    "count": 0,
    "updated": 1520378094
  },
  {
    "id": "cfc13f43-07b5-4c91-a113-403e9915744d",
    "data": [
      {
        "text": "good",
        "meta": "@sys.ignore",
        "userDefined": false
      },
      {
        "text": " what\u0027s up",
        "userDefined": false
      }
    ],
    "isTemplate": false,
    "count": 0,
    "updated": 1520378094
  },
  {
    "id": "8dfd34a2-40d0-438a-a4e5-acc7666aae4c",
    "data": [
      {
        "text": "what\u0027s cracking",
        "userDefined": false
      }
    ],
    "isTemplate": false,
    "count": 0,
    "updated": 1520378094
  },
  {
    "id": "82f44037-0fbb-4bd9-b7bb-3d3020a148cb",
    "data": [
      {
        "text": "wassup",
        "userDefined": false
      }
    ],
    "isTemplate": false,
    "count": 0,
    "updated": 1520378094
  },
  {
    "id": "01350351-7fc9-4772-9d36-4280fb082bda",
    "data": [
      {
        "text": "hey what\u0027s up",
        "userDefined": false
      }
    ],
    "isTemplate": false,
    "count": 0,
    "updated": 1520378094
  },
  {
    "id": "e8fe9b67-035b-47b2-b6cc-4f40ca362efd",
    "data": [
      {
        "text": "what is going ",
        "userDefined": false
      },
      {
        "text": "on",
        "meta": "@sys.ignore",
        "userDefined": false
      }
    ],
    "isTemplate": false,
    "count": 0,
    "updated": 1520378094
  },
  {
    "id": "c7168550-3fe4-42e7-ae4a-36fb3881a51c",
    "data": [
      {
        "text": "what is happening",
        "userDefined": false
      }
    ],
    "isTemplate": false,
    "count": 0,
    "updated": 1520378094
  },
  {
    "id": "59466e06-c742-433c-869b-7e26e194b60c",
    "data": [
      {
        "text": "what\u0027s happened",
        "userDefined": false
      }
    ],
    "isTemplate": false,
    "count": 1,
    "updated": 1520378094
  },
  {
    "id": "3fad455c-b909-4c9d-a442-7ac24bf744de",
    "data": [
      {
        "text": "what\u0027s up",
        "userDefined": false
      }
    ],
    "isTemplate": false,
    "count": 0,
    "updated": 1520378094
  },
  {
    "id": "74ca6968-0499-47ab-8945-47d395b042c0",
    "data": [
      {
        "text": "what is up",
        "userDefined": false
      }
    ],
    "isTemplate": false,
    "count": 0,
    "updated": 1520378094
  },
  {
    "id": "984555b4-baf3-4221-b6cd-f0c11b3e2558",
    "data": [
      {
        "text": "what is ",
        "userDefined": false
      },
      {
        "text": "on",
        "meta": "@sys.ignore",
        "userDefined": false
      },
      {
        "text": " ",
        "userDefined": false
      },
      {
        "text": "your",
        "meta": "@sys.ignore",
        "userDefined": false
      },
      {
        "text": " mind",
        "userDefined": false
      }
    ],
    "isTemplate": false,
    "count": 0,
    "updated": 1520378094
  },
  {
    "id": "cf7b2eeb-34af-4ac3-ab39-82bcb7d4b1f6",
    "data": [
      {
        "text": "what\u0027s ",
        "userDefined": false
      },
      {
        "text": "up",
        "meta": "@sys.ignore",
        "userDefined": true
      },
      {
        "text": " ",
        "userDefined": false
      },
      {
        "text": "today",
        "meta": "@sys.ignore",
        "userDefined": true
      }
    ],
    "isTemplate": false,
    "count": 0,
    "updated": 1520378094
  },
  {
    "id": "3dcc1e21-a531-4ebc-a03d-fbd5ad5d136a",
    "data": [
      {
        "text": "then what\u0027s up",
        "userDefined": false
      }
    ],
    "isTemplate": false,
    "count": 0,
    "updated": 1520378094
  },
  {
    "id": "9dbe6d85-7167-4ffa-a46d-83bc9a2c2cf2",
    "data": [
      {
        "text": "what\u0027s cooking",
        "userDefined": false
      }
    ],
    "isTemplate": false,
    "count": 1,
    "updated": 1520378094
  },
  {
    "id": "6abf5abf-38d8-4639-9145-921273793383",
    "data": [
      {
        "text": "I said what\u0027s up",
        "userDefined": false
      }
    ],
    "isTemplate": false,
    "count": 0,
    "updated": 1520378094
  }
]