[
  {
    "id": "1e471adc-9a75-4ebf-865a-fd1b2867600d",
    "data": [
      {
        "text": "e em ",
        "userDefined": false
      },
      {
        "text": "Princeton",
        "alias": "address",
        "meta": "@sys.location",
        "userDefined": true
      },
      {
        "text": " ",
        "userDefined": false
      },
      {
        "text": "amanhã",
        "alias": "date-time",
        "meta": "@sys.date-time",
        "userDefined": true
      }
    ],
    "isTemplate": false,
    "count": 0,
    "updated": 0
  },
  {
    "id": "07cd886c-1796-4d68-b0eb-3f90c6f90d14",
    "data": [
      {
        "text": "e em ",
        "userDefined": false
      },
      {
        "text": "Paris",
        "alias": "address",
        "meta": "@sys.location",
        "userDefined": true
      },
      {
        "text": " na ",
        "userDefined": false
      },
      {
        "text": "próxima sexta-feira",
        "alias": "date-time",
        "meta": "@sys.date-time",
        "userDefined": true
      }
    ],
    "isTemplate": false,
    "count": 0,
    "updated": 0
  },
  {
    "id": "480ce884-044b-42d0-848f-a428f2d204e5",
    "data": [
      {
        "text": "em ",
        "userDefined": false
      },
      {
        "text": "Moscovo",
        "alias": "address",
        "meta": "@sys.location",
        "userDefined": true
      },
      {
        "text": " neste ",
        "userDefined": false
      },
      {
        "text": "fim de semana",
        "alias": "date-time",
        "meta": "@sys.date-time",
        "userDefined": true
      }
    ],
    "isTemplate": false,
    "count": 0,
    "updated": 0
  },
  {
    "id": "49d7a981-adf6-4988-bb56-fe0bb10c9ecc",
    "data": [
      {
        "text": "amanhã",
        "alias": "date-time",
        "meta": "@sys.date-time",
        "userDefined": true
      },
      {
        "text": " em ",
        "userDefined": false
      },
      {
        "text": "Madrid",
        "alias": "address",
        "meta": "@sys.location",
        "userDefined": true
      }
    ],
    "isTemplate": false,
    "count": 0,
    "updated": 0
  }
]