[
  {
    "id": "9cb03fec-e686-4023-a1ac-25ea37dff232",
    "data": [
      {
        "text": "e em ",
        "userDefined": false
      },
      {
        "text": "Paris",
        "alias": "address",
        "meta": "@sys.location",
        "userDefined": true
      }
    ],
    "isTemplate": false,
    "count": 0,
    "updated": 0
  },
  {
    "id": "a75b5564-1281-4b16-a532-98693c5d9eaa",
    "data": [
      {
        "text": "e em ",
        "userDefined": false
      },
      {
        "text": "Aspen",
        "alias": "address",
        "meta": "@sys.location",
        "userDefined": true
      }
    ],
    "isTemplate": false,
    "count": 0,
    "updated": 0
  },
  {
    "id": "430465e6-7a51-4f74-bf37-e159b103cf91",
    "data": [
      {
        "text": "e em ",
        "userDefined": false
      },
      {
        "text": "Oakland",
        "alias": "address",
        "meta": "@sys.location",
        "userDefined": true
      }
    ],
    "isTemplate": false,
    "count": 0,
    "updated": 0
  },
  {
    "id": "0f33644e-576f-4669-bf45-0c08aa687955",
    "data": [
      {
        "text": "e em ",
        "userDefined": false
      },
      {
        "text": "Londres",
        "alias": "address",
        "meta": "@sys.location",
        "userDefined": true
      }
    ],
    "isTemplate": false,
    "count": 0,
    "updated": 0
  },
  {
    "id": "a6e723ec-7aa0-46bc-ba0f-d73801507055",
    "data": [
      {
        "text": "e em ",
        "userDefined": false
      },
      {
        "text": "São Francisco",
        "alias": "address",
        "meta": "@sys.location",
        "userDefined": true
      }
    ],
    "isTemplate": false,
    "count": 1,
    "updated": 0
  },
  {
    "id": "a8160a36-14d7-493b-a138-ed7476381d82",
    "data": [
      {
        "text": "Moscovo",
        "alias": "address",
        "meta": "@sys.location",
        "userDefined": true
      }
    ],
    "isTemplate": false,
    "count": 0,
    "updated": 0
  },
  {
    "id": "757261af-121d-4e5a-9f95-e51808c0eedf",
    "data": [
      {
        "text": "agora em ",
        "userDefined": false
      },
      {
        "text": "Aspen",
        "alias": "address",
        "meta": "@sys.location",
        "userDefined": true
      }
    ],
    "isTemplate": false,
    "count": 0,
    "updated": 0
  },
  {
    "id": "372964a2-afd4-4ac9-b629-2e3b177aedfa",
    "data": [
      {
        "text": "pode verificar em ",
        "userDefined": false
      },
      {
        "text": "Seattle",
        "alias": "address",
        "meta": "@sys.location",
        "userDefined": true
      }
    ],
    "isTemplate": false,
    "count": 0,
    "updated": 0
  }
]