[
  {
    "id": "c38e8985-b640-4779-9c86-fc7dcb04db3e",
    "data": [
      {
        "text": "как насчёт ",
        "userDefined": false
      },
      {
        "text": "завтра",
        "alias": "date-time",
        "meta": "@sys.date-time",
        "userDefined": true
      }
    ],
    "isTemplate": false,
    "count": 0,
    "updated": 0
  },
  {
    "id": "c9e6fb9e-072f-4edc-9fd5-da84628618b0",
    "data": [
      {
        "text": "и в течение ",
        "userDefined": false
      },
      {
        "text": "следующей недели",
        "alias": "date-time",
        "meta": "@sys.date-time",
        "userDefined": true
      }
    ],
    "isTemplate": false,
    "count": 0,
    "updated": 0
  },
  {
    "id": "7a640492-f876-4fc3-af6f-9d87c36544fd",
    "data": [
      {
        "text": "этим вечером",
        "alias": "date-time",
        "meta": "@sys.date-time",
        "userDefined": true
      }
    ],
    "isTemplate": false,
    "count": 1,
    "updated": 0
  },
  {
    "id": "90584c6b-0c4c-4f04-840e-45c84884aac9",
    "data": [
      {
        "text": "в ",
        "userDefined": false
      },
      {
        "text": "среду",
        "alias": "date-time",
        "meta": "@sys.date-time",
        "userDefined": true
      }
    ],
    "isTemplate": false,
    "count": 0,
    "updated": 0
  },
  {
    "id": "3090699c-5d8e-497b-9180-e9d0f811e3c5",
    "data": [
      {
        "text": "а что насчёт ",
        "userDefined": false
      },
      {
        "text": "завтра",
        "alias": "date-time",
        "meta": "@sys.date-time",
        "userDefined": true
      }
    ],
    "isTemplate": false,
    "count": 0,
    "updated": 0
  },
  {
    "id": "8a8bae33-e92d-4a6e-b5fd-3318f2cafa91",
    "data": [
      {
        "text": "проверь на ",
        "userDefined": false
      },
      {
        "text": "понедельник",
        "alias": "date-time",
        "meta": "@sys.date-time",
        "userDefined": true
      }
    ],
    "isTemplate": false,
    "count": 0,
    "updated": 0
  },
  {
    "id": "e191b4a7-7fa1-4ba4-b4bb-20b21b54e370",
    "data": [
      {
        "text": "изменится ли она после ",
        "userDefined": false
      },
      {
        "text": "5",
        "alias": "date-time",
        "meta": "@sys.date-time",
        "userDefined": true
      }
    ],
    "isTemplate": false,
    "count": 0,
    "updated": 0
  },
  {
    "id": "dd6e74a8-f54c-4238-8abb-d6607d7c290a",
    "data": [
      {
        "text": "а как насчёт ",
        "userDefined": false
      },
      {
        "text": "сегодня",
        "alias": "date-time",
        "meta": "@sys.date-time",
        "userDefined": true
      }
    ],
    "isTemplate": false,
    "count": 0,
    "updated": 0
  },
  {
    "id": "fea9d39b-76e1-4457-bbc4-a17187a3afb2",
    "data": [
      {
        "text": "а в ",
        "userDefined": false
      },
      {
        "text": "субботу",
        "alias": "date-time",
        "meta": "@sys.date-time",
        "userDefined": true
      }
    ],
    "isTemplate": false,
    "count": 0,
    "updated": 0
  },
  {
    "id": "1c0ad1ae-a1d0-45ac-a728-cc74fe7f54a1",
    "data": [
      {
        "text": "на ",
        "userDefined": false
      },
      {
        "text": "следующий месяц",
        "alias": "date-time",
        "meta": "@sys.date-time",
        "userDefined": true
      }
    ],
    "isTemplate": false,
    "count": 0,
    "updated": 0
  },
  {
    "id": "767c5770-b284-4d51-acf0-764925a86a8f",
    "data": [
      {
        "text": "и в ",
        "userDefined": false
      },
      {
        "text": "следующую субботу",
        "alias": "date-time",
        "meta": "@sys.date-time",
        "userDefined": true
      }
    ],
    "isTemplate": false,
    "count": 0,
    "updated": 0
  },
  {
    "id": "da876693-0516-4a87-815a-9f3c74965734",
    "data": [
      {
        "text": "проверь ",
        "userDefined": false
      },
      {
        "text": "следующую неделю",
        "alias": "date-time",
        "meta": "@sys.date-time",
        "userDefined": true
      }
    ],
    "isTemplate": false,
    "count": 0,
    "updated": 0
  },
  {
    "id": "8b3189c0-bb19-40f4-b8c8-b87191ac2bb7",
    "data": [
      {
        "text": "а ",
        "userDefined": false
      },
      {
        "text": "завтра",
        "alias": "date-time",
        "meta": "@sys.date-time",
        "userDefined": true
      }
    ],
    "isTemplate": false,
    "count": 1,
    "updated": 0
  },
  {
    "id": "00d7c71b-c131-4672-8ef6-093d6a4cd7d2",
    "data": [
      {
        "text": "а что насчет ",
        "userDefined": false
      },
      {
        "text": "этих выходных",
        "alias": "date-time",
        "meta": "@sys.date-time",
        "userDefined": true
      }
    ],
    "isTemplate": false,
    "count": 1,
    "updated": 0
  }
]