[
  {
    "id": "b0393250-fed8-4890-8d51-507b0554768e",
    "data": [
      {
        "text": "how about ",
        "userDefined": false
      },
      {
        "text": "thunderstorm",
        "alias": "condition",
        "meta": "@weather-condition",
        "userDefined": false
      }
    ],
    "isTemplate": false,
    "count": 0,
    "updated": 1505877874
  },
  {
    "id": "72a769d7-a668-4b5b-91b9-097e20cae29b",
    "data": [
      {
        "text": "and ",
        "userDefined": false
      },
      {
        "text": "rain",
        "alias": "condition",
        "meta": "@weather-condition",
        "userDefined": false
      }
    ],
    "isTemplate": false,
    "count": 0,
    "updated": 0
  },
  {
    "id": "494b8e6c-289b-4dfc-bfba-bb8245385616",
    "data": [
      {
        "text": "what about ",
        "userDefined": false
      },
      {
        "text": "snowing",
        "alias": "condition",
        "meta": "@weather-condition",
        "userDefined": true
      }
    ],
    "isTemplate": false,
    "count": 0,
    "updated": 1505877874
  }
]