[
  {
    "id": "ffbee7fd-2792-40ec-a6be-8c4f4d2fc0ab",
    "data": [
      {
        "text": "est-ce que ",
        "userDefined": false
      },
      {
        "text": "c",
        "meta": "@sys.ignore",
        "userDefined": false
      },
      {
        "text": "\u0027est le bon temps pour ",
        "userDefined": false
      },
      {
        "text": "faire du vélo",
        "alias": "activity",
        "meta": "@activity",
        "userDefined": false
      },
      {
        "text": " maintenant",
        "userDefined": false
      }
    ],
    "isTemplate": false,
    "count": 0,
    "updated": 0
  },
  {
    "id": "184242c2-2fa8-40f6-9c9e-99a14563b516",
    "data": [
      {
        "text": "le temps est-il bon pour faire de la ",
        "userDefined": false
      },
      {
        "text": "marche",
        "alias": "activity",
        "meta": "@activity",
        "userDefined": true
      }
    ],
    "isTemplate": false,
    "count": 1,
    "updated": 0
  },
  {
    "id": "945e8def-c8d2-434c-8519-cc5df73e9ddc",
    "data": [
      {
        "text": "est-ce qu\u0027",
        "userDefined": false
      },
      {
        "text": "il",
        "meta": "@sys.ignore",
        "userDefined": false
      },
      {
        "text": " fera assez ",
        "userDefined": false
      },
      {
        "text": "froid",
        "meta": "@sys.ignore",
        "userDefined": false
      },
      {
        "text": " pour ",
        "userDefined": false
      },
      {
        "text": "faire du snowboard",
        "alias": "activity",
        "meta": "@activity",
        "userDefined": false
      }
    ],
    "isTemplate": false,
    "count": 0,
    "updated": 0
  },
  {
    "id": "3a0a8d10-edf9-4161-bc26-722e0a63122c",
    "data": [
      {
        "text": "sera-t-il assez chaud pour aller ",
        "userDefined": false
      },
      {
        "text": "nager",
        "alias": "activity",
        "meta": "@activity",
        "userDefined": true
      },
      {
        "text": " ",
        "userDefined": false
      },
      {
        "text": "demain",
        "alias": "date-time",
        "meta": "@sys.date-time",
        "userDefined": true
      }
    ],
    "isTemplate": false,
    "count": 1,
    "updated": 0
  },
  {
    "id": "f0c5d568-c9dd-41c2-a510-04c8a6be271d",
    "data": [
      {
        "text": "dois-je aller faire de la ",
        "userDefined": false
      },
      {
        "text": "marche",
        "alias": "activity",
        "meta": "@activity",
        "userDefined": false
      }
    ],
    "isTemplate": false,
    "count": 0,
    "updated": 0
  },
  {
    "id": "07f222ab-83dc-498f-8b51-edb2e3c4f444",
    "data": [
      {
        "text": "le temps est-il assez bon pour faire ",
        "userDefined": false
      },
      {
        "text": "de",
        "meta": "@sys.ignore",
        "userDefined": false
      },
      {
        "text": " ",
        "userDefined": false
      },
      {
        "text": "la",
        "meta": "@sys.ignore",
        "userDefined": false
      },
      {
        "text": " ",
        "userDefined": false
      },
      {
        "text": "marche",
        "alias": "activity",
        "meta": "@activity",
        "userDefined": true
      }
    ],
    "isTemplate": false,
    "count": 0,
    "updated": 0
  },
  {
    "id": "b8c7bd09-a1e2-445b-abf7-571dc24fc4db",
    "data": [
      {
        "text": "fait-il bon pour faire du ",
        "userDefined": false
      },
      {
        "text": "sport",
        "alias": "activity",
        "meta": "@activity",
        "userDefined": true
      },
      {
        "text": " déhors ",
        "userDefined": false
      },
      {
        "text": "aujourd\u0027hui",
        "alias": "date-time",
        "meta": "@sys.date-time",
        "userDefined": true
      }
    ],
    "isTemplate": false,
    "count": 0,
    "updated": 0
  },
  {
    "id": "96f53687-bfde-4f68-9a49-f307deed0f9d",
    "data": [
      {
        "text": "puis-je sortir pour faire du ",
        "userDefined": false
      },
      {
        "text": "jogging",
        "alias": "activity",
        "meta": "@activity",
        "userDefined": false
      },
      {
        "text": " ",
        "userDefined": false
      },
      {
        "text": "aujourd\u0027hui",
        "alias": "date-time",
        "meta": "@sys.date-time",
        "userDefined": false
      },
      {
        "text": " à ",
        "userDefined": false
      },
      {
        "text": "Paris",
        "alias": "address",
        "meta": "@sys.location",
        "userDefined": false
      }
    ],
    "isTemplate": false,
    "count": 0,
    "updated": 0
  },
  {
    "id": "f2615659-61a9-4f2c-838e-35aec51aa5e2",
    "data": [
      {
        "text": "fait-il beau pour aller ",
        "userDefined": false
      },
      {
        "text": "faire de la luge",
        "alias": "activity",
        "meta": "@activity",
        "userDefined": true
      },
      {
        "text": " ",
        "userDefined": false
      },
      {
        "text": "aujourd\u0027hui",
        "alias": "date-time",
        "meta": "@sys.date-time",
        "userDefined": true
      }
    ],
    "isTemplate": false,
    "count": 1,
    "updated": 0
  },
  {
    "id": "5d50d1ee-10ff-4720-b454-153d4d52e583",
    "data": [
      {
        "text": "fait-il assez beau pour jouer au ",
        "userDefined": false
      },
      {
        "text": "frisbee",
        "alias": "activity",
        "meta": "@activity",
        "userDefined": false
      },
      {
        "text": " dehors",
        "userDefined": false
      }
    ],
    "isTemplate": false,
    "count": 0,
    "updated": 0
  },
  {
    "id": "67ba6bc5-754f-48fd-b732-d8637f2255b2",
    "data": [
      {
        "text": "fait-il beau à ",
        "userDefined": false
      },
      {
        "text": "Nantes",
        "alias": "address",
        "meta": "@sys.location",
        "userDefined": true
      },
      {
        "text": " pour faire du ",
        "userDefined": false
      },
      {
        "text": "jogging",
        "alias": "activity",
        "meta": "@activity",
        "userDefined": true
      }
    ],
    "isTemplate": false,
    "count": 0,
    "updated": 0
  },
  {
    "id": "6ddb3df7-b14d-4990-a462-718d1172d16f",
    "data": [
      {
        "text": "fait-il assez beau à ",
        "userDefined": false
      },
      {
        "text": "Nantes",
        "alias": "address",
        "meta": "@sys.location",
        "userDefined": true
      },
      {
        "text": " pour faire du ",
        "userDefined": false
      },
      {
        "text": "jogging",
        "alias": "activity",
        "meta": "@activity",
        "userDefined": true
      }
    ],
    "isTemplate": false,
    "count": 0,
    "updated": 0
  },
  {
    "id": "a6b33f18-a293-4a3d-99f4-c8ed279411d4",
    "data": [
      {
        "text": "est-ce une bonne idée de partir en ",
        "userDefined": false
      },
      {
        "text": "randonnée",
        "alias": "activity",
        "meta": "@activity",
        "userDefined": true
      },
      {
        "text": " maintenant",
        "userDefined": false
      }
    ],
    "isTemplate": false,
    "count": 0,
    "updated": 0
  },
  {
    "id": "ae4d91c6-710a-49ec-9708-ebd8e6afade9",
    "data": [
      {
        "text": "fait-il assez bon pour faire du sport dehors ",
        "userDefined": false
      },
      {
        "text": "aujourd\u0027hui",
        "alias": "date-time",
        "meta": "@sys.date-time",
        "userDefined": true
      }
    ],
    "isTemplate": false,
    "count": 0,
    "updated": 0
  },
  {
    "id": "9b6bae8c-6db5-4446-84b7-edfca3296423",
    "data": [
      {
        "text": "fera-t-il assez chaud pour aller ",
        "userDefined": false
      },
      {
        "text": "nager",
        "alias": "activity",
        "meta": "@activity",
        "userDefined": true
      },
      {
        "text": " ",
        "userDefined": false
      },
      {
        "text": "demain",
        "alias": "date-time",
        "meta": "@sys.date-time",
        "userDefined": true
      }
    ],
    "isTemplate": false,
    "count": 0,
    "updated": 0
  },
  {
    "id": "d2212ce9-4ebf-4ca4-bc17-d39a0ccb7349",
    "data": [
      {
        "text": "est-ce qu\u0027il fait beau pour faire du ",
        "userDefined": false
      },
      {
        "text": "yoga",
        "alias": "activity",
        "meta": "@activity",
        "userDefined": true
      },
      {
        "text": " dehors",
        "userDefined": false
      }
    ],
    "isTemplate": false,
    "count": 1,
    "updated": 0
  },
  {
    "id": "a1404812-b524-476c-8915-bb32f2ec1f02",
    "data": [
      {
        "text": "est-ce qu\u0027il fera froid pour faire du ",
        "userDefined": false
      },
      {
        "text": "snowboard",
        "alias": "activity",
        "meta": "@activity",
        "userDefined": true
      }
    ],
    "isTemplate": false,
    "count": 0,
    "updated": 0
  },
  {
    "id": "7f4009fc-a65c-4b3e-b602-856ffcd9b849",
    "data": [
      {
        "text": "pourrai-je ",
        "userDefined": false
      },
      {
        "text": "faire du vélo",
        "alias": "activity",
        "meta": "@activity",
        "userDefined": false
      },
      {
        "text": " ",
        "userDefined": false
      },
      {
        "text": "aujourd\u0027hui",
        "alias": "date-time",
        "meta": "@sys.date-time",
        "userDefined": true
      }
    ],
    "isTemplate": false,
    "count": 0,
    "updated": 0
  },
  {
    "id": "fbce32c6-8da3-44cb-8c38-97189dbb3cdc",
    "data": [
      {
        "text": "fait-il assez beau pour aller ",
        "userDefined": false
      },
      {
        "text": "faire de la luge",
        "alias": "activity",
        "meta": "@activity",
        "userDefined": false
      },
      {
        "text": " ",
        "userDefined": false
      },
      {
        "text": "aujourd\u0027hui",
        "alias": "date-time",
        "meta": "@sys.date-time",
        "userDefined": true
      }
    ],
    "isTemplate": false,
    "count": 0,
    "updated": 0
  },
  {
    "id": "884ab394-2d6b-4e63-b659-a00f8c52694e",
    "data": [
      {
        "text": "est-ce qu\u0027",
        "userDefined": false
      },
      {
        "text": "il",
        "meta": "@sys.ignore",
        "userDefined": false
      },
      {
        "text": " fait assez beau pour faire du ",
        "userDefined": false
      },
      {
        "text": "yoga",
        "alias": "activity",
        "meta": "@activity",
        "userDefined": false
      },
      {
        "text": " dehors",
        "userDefined": false
      }
    ],
    "isTemplate": false,
    "count": 0,
    "updated": 0
  }
]