[
  {
    "id": "335998ed-9d49-45c1-b431-8b6035264083",
    "data": [
      {
        "text": "e ",
        "userDefined": false
      },
      {
        "text": "amanhã",
        "alias": "date-time",
        "meta": "@sys.date-time",
        "userDefined": true
      }
    ],
    "isTemplate": false,
    "count": 1,
    "updated": 0
  },
  {
    "id": "dbdbae06-abfc-4ee7-9758-fbb275c7fc46",
    "data": [
      {
        "text": "e ",
        "userDefined": false
      },
      {
        "text": "sábado",
        "alias": "date-time",
        "meta": "@sys.date-time",
        "userDefined": true
      }
    ],
    "isTemplate": false,
    "count": 0,
    "updated": 0
  },
  {
    "id": "39e54a8f-a60d-4bd0-a934-3c6c6e709b16",
    "data": [
      {
        "text": "e ",
        "userDefined": false
      },
      {
        "text": "hoje",
        "alias": "date-time",
        "meta": "@sys.date-time",
        "userDefined": true
      }
    ],
    "isTemplate": false,
    "count": 0,
    "updated": 0
  },
  {
    "id": "92cc21a1-413a-4754-9fc2-ba140cbafc9c",
    "data": [
      {
        "text": "e durante a ",
        "userDefined": false
      },
      {
        "text": "próxima semana",
        "alias": "date-time",
        "meta": "@sys.date-time",
        "userDefined": true
      }
    ],
    "isTemplate": false,
    "count": 0,
    "updated": 0
  },
  {
    "id": "2d0878bc-3945-45bf-853f-76d4f7278e1a",
    "data": [
      {
        "text": "e ",
        "userDefined": false
      },
      {
        "text": "neste fim de semana",
        "alias": "date-time",
        "meta": "@sys.date-time",
        "userDefined": true
      }
    ],
    "isTemplate": false,
    "count": 1,
    "updated": 0
  },
  {
    "id": "a09eac1a-805a-420a-88a8-9b603f97ac7d",
    "data": [
      {
        "text": "isso mudará às ",
        "userDefined": false
      },
      {
        "text": "17h",
        "alias": "date-time",
        "meta": "@sys.date-time",
        "userDefined": true
      }
    ],
    "isTemplate": false,
    "count": 0,
    "updated": 0
  },
  {
    "id": "05e8446f-970a-41f1-a809-e8ca3c0d2ca4",
    "data": [
      {
        "text": "e no ",
        "userDefined": false
      },
      {
        "text": "sábado",
        "alias": "date-time",
        "meta": "@sys.date-time",
        "userDefined": true
      }
    ],
    "isTemplate": false,
    "count": 0,
    "updated": 0
  },
  {
    "id": "658ed74b-396f-4992-b759-bc4a5ce23451",
    "data": [
      {
        "text": "verificar para a ",
        "userDefined": false
      },
      {
        "text": "próxima segunda-feira",
        "alias": "date-time",
        "meta": "@sys.date-time",
        "userDefined": true
      }
    ],
    "isTemplate": false,
    "count": 0,
    "updated": 0
  },
  {
    "id": "37a83505-f523-4bd6-967e-83f8c9341e92",
    "data": [
      {
        "text": "na ",
        "userDefined": false
      },
      {
        "text": "quarta-feira",
        "alias": "date-time",
        "meta": "@sys.date-time",
        "userDefined": true
      }
    ],
    "isTemplate": false,
    "count": 0,
    "updated": 0
  },
  {
    "id": "4faf34c5-f7eb-41fa-998b-68bc333c2af6",
    "data": [
      {
        "text": "verificar ",
        "userDefined": false
      },
      {
        "text": "próxima semana",
        "alias": "date-time",
        "meta": "@sys.date-time",
        "userDefined": true
      }
    ],
    "isTemplate": false,
    "count": 0,
    "updated": 0
  }
]