[
  {
    "id": "caec1587-32f4-48bc-9efa-152599833036",
    "data": [
      {
        "text": "sur",
        "meta": "@sys.ignore",
        "userDefined": false
      },
      {
        "text": " ",
        "userDefined": false
      },
      {
        "text": "Nantes",
        "alias": "address",
        "meta": "@sys.location",
        "userDefined": false
      }
    ],
    "isTemplate": false,
    "count": 0,
    "updated": 0
  },
  {
    "id": "2d7844ca-6404-4fbf-b18c-4e49358c50c0",
    "data": [
      {
        "text": "et à ",
        "userDefined": false
      },
      {
        "text": "Montpellier",
        "alias": "address",
        "meta": "@sys.location",
        "userDefined": true
      }
    ],
    "isTemplate": false,
    "count": 0,
    "updated": 0
  },
  {
    "id": "84f9a961-e020-48b2-8ad6-9dac28b6edce",
    "data": [
      {
        "text": "à ",
        "userDefined": false
      },
      {
        "text": "Orléans",
        "alias": "address",
        "meta": "@sys.location",
        "userDefined": false
      }
    ],
    "isTemplate": false,
    "count": 0,
    "updated": 0
  },
  {
    "id": "6afc33c2-c18c-4a9b-b2b2-0a43925876e8",
    "data": [
      {
        "text": "et à ",
        "userDefined": false
      },
      {
        "text": "Marseille",
        "alias": "address",
        "meta": "@sys.location",
        "userDefined": false
      },
      {
        "text": " aussi",
        "userDefined": false
      }
    ],
    "isTemplate": false,
    "count": 0,
    "updated": 0
  },
  {
    "id": "a778108f-1d79-4b78-bed2-d5dc32821160",
    "data": [
      {
        "text": "et",
        "meta": "@sys.ignore",
        "userDefined": false
      },
      {
        "text": " à ",
        "userDefined": false
      },
      {
        "text": "Londres",
        "alias": "address",
        "meta": "@sys.location",
        "userDefined": false
      }
    ],
    "isTemplate": false,
    "count": 0,
    "updated": 0
  }
]