[
  {
    "id": "f72b151e-f3d2-453b-91db-5e4be204f9bc",
    "data": [
      {
        "text": "y el ",
        "userDefined": false
      },
      {
        "text": "sábado",
        "alias": "date-time",
        "meta": "@sys.date-time",
        "userDefined": true
      }
    ],
    "isTemplate": false,
    "count": 0,
    "updated": 0
  },
  {
    "id": "e73bab95-453f-4bff-8325-107de95594ab",
    "data": [
      {
        "text": "y para ",
        "userDefined": false
      },
      {
        "text": "este finde",
        "alias": "date-time",
        "meta": "@sys.date-time",
        "userDefined": true
      }
    ],
    "isTemplate": false,
    "count": 0,
    "updated": 0
  },
  {
    "id": "14b8f2bc-5a20-4425-884d-3b9fbd998d51",
    "data": [
      {
        "text": "dije ",
        "userDefined": false
      },
      {
        "text": "mañana",
        "alias": "date-time",
        "meta": "@sys.date-time",
        "userDefined": true
      }
    ],
    "isTemplate": false,
    "count": 0,
    "updated": 0
  },
  {
    "id": "673fb08c-10e3-4651-8734-53697227e5b4",
    "data": [
      {
        "text": "y a las ",
        "userDefined": false
      },
      {
        "text": "9 de la tarde",
        "alias": "date-time",
        "meta": "@sys.date-time",
        "userDefined": true
      }
    ],
    "isTemplate": false,
    "count": 0,
    "updated": 0
  },
  {
    "id": "0f8ee363-1d08-46b4-bb1e-283643912b7a",
    "data": [
      {
        "text": "cómo",
        "meta": "@sys.ignore",
        "userDefined": true
      },
      {
        "text": " estará ",
        "userDefined": false
      },
      {
        "text": "este martes",
        "alias": "date-time",
        "meta": "@sys.date-time",
        "userDefined": true
      }
    ],
    "isTemplate": false,
    "count": 0,
    "updated": 0
  },
  {
    "id": "bfef2329-47fe-4699-be0a-1f3cfb7e1479",
    "data": [
      {
        "text": "y ",
        "userDefined": false
      },
      {
        "text": "el 19 de septiembre",
        "alias": "date-time",
        "meta": "@sys.date-time",
        "userDefined": true
      }
    ],
    "isTemplate": false,
    "count": 0,
    "updated": 0
  },
  {
    "id": "8a482f38-ae58-4fd1-bd33-f3f05961cdc2",
    "data": [
      {
        "text": "y ",
        "userDefined": false
      },
      {
        "text": "hoy",
        "alias": "date-time",
        "meta": "@sys.date-time",
        "userDefined": true
      }
    ],
    "isTemplate": false,
    "count": 0,
    "updated": 0
  },
  {
    "id": "b69d8f60-bfec-4e22-9160-a996f788f23f",
    "data": [
      {
        "text": "y por la ",
        "userDefined": false
      },
      {
        "text": "mañana",
        "alias": "date-time",
        "meta": "@sys.date-time",
        "userDefined": true
      },
      {
        "text": " cómo estará",
        "userDefined": false
      }
    ],
    "isTemplate": false,
    "count": 0,
    "updated": 0
  },
  {
    "id": "f4f99e17-1a33-44f9-a998-7d842af9dec4",
    "data": [
      {
        "text": "y ",
        "userDefined": false
      },
      {
        "text": "mañana",
        "alias": "date-time",
        "meta": "@sys.date-time",
        "userDefined": true
      },
      {
        "text": " qué tal",
        "userDefined": false
      }
    ],
    "isTemplate": false,
    "count": 0,
    "updated": 0
  }
]