[
  {
    "id": "520bd7ee-215a-4ddf-bf28-b4255688c604",
    "data": [
      {
        "text": "what about ",
        "userDefined": false
      },
      {
        "text": "Aspen",
        "alias": "address",
        "meta": "@sys.location",
        "userDefined": true
      }
    ],
    "isTemplate": false,
    "count": 0,
    "updated": 1505877822
  },
  {
    "id": "bcfa9414-3d60-4f73-942c-8bfd58712514",
    "data": [
      {
        "text": "how about ",
        "userDefined": false
      },
      {
        "text": "Sunnyvale",
        "alias": "address",
        "meta": "@sys.location",
        "userDefined": true
      }
    ],
    "isTemplate": false,
    "count": 0
  },
  {
    "id": "79313396-ec7a-42b8-856b-009cbd1b78df",
    "data": [
      {
        "text": "what about ",
        "userDefined": false
      },
      {
        "text": "Paris",
        "alias": "address",
        "meta": "@sys.location",
        "userDefined": true
      }
    ],
    "isTemplate": false,
    "count": 0,
    "updated": 0
  },
  {
    "id": "df272e25-cb17-40a1-b56c-6325d864c256",
    "data": [
      {
        "text": "can you check ",
        "userDefined": false
      },
      {
        "text": "Seattle",
        "alias": "address",
        "meta": "@sys.location",
        "userDefined": true
      }
    ],
    "isTemplate": false,
    "count": 0,
    "updated": 1505877822
  },
  {
    "id": "21096179-8a3e-40a3-86a6-ac0431a4de66",
    "data": [
      {
        "text": "and in ",
        "userDefined": false
      },
      {
        "text": "London",
        "alias": "address",
        "meta": "@sys.location",
        "userDefined": true
      }
    ],
    "isTemplate": false,
    "count": 0,
    "updated": 1505877822
  },
  {
    "id": "7c72c19b-30fe-4c79-b66a-4b917ce2a88e",
    "data": [
      {
        "text": "check ",
        "userDefined": false
      },
      {
        "text": "Cupertino",
        "alias": "address",
        "meta": "@sys.location",
        "userDefined": true
      }
    ],
    "isTemplate": false,
    "count": 0,
    "updated": 1505877822
  },
  {
    "id": "b0d7f9d9-3098-4eda-8d7c-95cd156a603d",
    "data": [
      {
        "text": "now",
        "meta": "@sys.ignore",
        "userDefined": false
      },
      {
        "text": " ",
        "userDefined": false
      },
      {
        "text": "in",
        "meta": "@sys.ignore",
        "userDefined": false
      },
      {
        "text": " ",
        "userDefined": false
      },
      {
        "text": "Aspen",
        "alias": "address",
        "meta": "@sys.location",
        "userDefined": true
      }
    ],
    "isTemplate": false,
    "count": 0,
    "updated": 1505877822
  },
  {
    "id": "e8104485-b241-4b9f-b4db-e50a82a4081e",
    "data": [
      {
        "text": "what about ",
        "userDefined": false
      },
      {
        "text": "Oakland",
        "alias": "address",
        "meta": "@sys.location",
        "userDefined": true
      }
    ],
    "isTemplate": false,
    "count": 0,
    "updated": 1505877822
  },
  {
    "id": "a053a09e-a6e5-45b8-9182-52c9c17b809f",
    "data": [
      {
        "text": "Moscow",
        "alias": "address",
        "meta": "@sys.location",
        "userDefined": true
      }
    ],
    "isTemplate": false,
    "count": 0,
    "updated": 0
  },
  {
    "id": "cf5d4288-318c-4f61-bcb8-bdbf886435e9",
    "data": [
      {
        "text": "what about ",
        "userDefined": false
      },
      {
        "text": "San Francisco",
        "alias": "address",
        "meta": "@sys.location",
        "userDefined": false
      }
    ],
    "isTemplate": false,
    "count": 0,
    "updated": 1505877822
  }
]