[
  {
    "id": "1c64b3ed-50dd-4f5a-b1b4-a19205f4c089",
    "data": [
      {
        "text": "habrá ",
        "userDefined": false
      },
      {
        "text": "nubes",
        "alias": "condition",
        "meta": "@weather-condition",
        "userDefined": true
      }
    ],
    "isTemplate": false,
    "count": 0,
    "updated": 0
  },
  {
    "id": "44e40d3b-6c86-4823-bdd4-2670a19eabec",
    "data": [
      {
        "text": "va a ",
        "userDefined": false
      },
      {
        "text": "nevar",
        "alias": "condition",
        "meta": "@weather-condition",
        "userDefined": true
      }
    ],
    "isTemplate": false,
    "count": 0,
    "updated": 0
  },
  {
    "id": "0e6faf04-501b-43d6-be5c-c0bd5b9b036b",
    "data": [
      {
        "text": "y ",
        "userDefined": false
      },
      {
        "text": "lluvias",
        "alias": "condition",
        "meta": "@weather-condition",
        "userDefined": false
      }
    ],
    "isTemplate": false,
    "count": 0,
    "updated": 0
  },
  {
    "id": "799856b8-e992-4ad6-a7ac-08ab0c77f97f",
    "data": [
      {
        "text": "estará ",
        "userDefined": false
      },
      {
        "text": "soleado",
        "alias": "condition",
        "meta": "@weather-condition",
        "userDefined": true
      }
    ],
    "isTemplate": false,
    "count": 0,
    "updated": 0
  }
]