[
  {
    "id": "71a4c3a2-d53b-4e92-a0f2-dd6a62d0ce18",
    "data": [
      {
        "text": "сейчас хорошая погода для ",
        "userDefined": false
      },
      {
        "text": "пробежки",
        "alias": "activity",
        "meta": "@activity",
        "userDefined": true
      }
    ],
    "isTemplate": false,
    "count": 0,
    "updated": 0
  },
  {
    "id": "ad6857fb-adcd-4d98-9b41-e50fc6e2fa17",
    "data": [
      {
        "text": "хочу ",
        "userDefined": false
      },
      {
        "text": "прогуляться",
        "alias": "activity",
        "meta": "@activity",
        "userDefined": true
      },
      {
        "text": " как там погода",
        "userDefined": false
      }
    ],
    "isTemplate": false,
    "count": 2,
    "updated": 0
  },
  {
    "id": "6fc772ed-ef21-45a2-b145-b08dfda1ebab",
    "data": [
      {
        "text": "велопрогулка",
        "alias": "activity",
        "meta": "@activity",
        "userDefined": true
      },
      {
        "text": " по ",
        "userDefined": false
      },
      {
        "text": "Москве",
        "alias": "address",
        "meta": "@sys.location",
        "userDefined": true
      },
      {
        "text": " стоит ли",
        "userDefined": false
      }
    ],
    "isTemplate": false,
    "count": 0,
    "updated": 0
  },
  {
    "id": "3a953bfc-a192-4ca2-94f8-7d0437b30c20",
    "data": [
      {
        "text": "можно ли ",
        "userDefined": false
      },
      {
        "text": "играть в снежки",
        "alias": "activity",
        "meta": "@activity",
        "userDefined": true
      }
    ],
    "isTemplate": false,
    "count": 0,
    "updated": 0
  },
  {
    "id": "44dbeaec-6ab4-4dbe-900a-f0e5ef8322bb",
    "data": [
      {
        "text": "достаточно ли хороша погода для езды на ",
        "userDefined": false
      },
      {
        "text": "велосипеде",
        "alias": "activity",
        "meta": "@activity",
        "userDefined": true
      }
    ],
    "isTemplate": false,
    "count": 0,
    "updated": 0
  },
  {
    "id": "0be485ad-0427-4885-9716-c1e8b7d50dad",
    "data": [
      {
        "text": "вечером",
        "alias": "date-time",
        "meta": "@sys.date-time",
        "userDefined": true
      },
      {
        "text": " собираемся на ",
        "userDefined": false
      },
      {
        "text": "сафари",
        "alias": "activity",
        "meta": "@activity",
        "userDefined": true
      },
      {
        "text": " погода подходит",
        "userDefined": false
      }
    ],
    "isTemplate": false,
    "count": 0,
    "updated": 0
  },
  {
    "id": "82ef6938-009f-413b-b320-9546108c08ca",
    "data": [
      {
        "text": "хорошая погода для ",
        "userDefined": false
      },
      {
        "text": "серфинга",
        "alias": "activity",
        "meta": "@activity",
        "userDefined": true
      }
    ],
    "isTemplate": false,
    "count": 0,
    "updated": 0
  },
  {
    "id": "e3b9b02e-afae-4657-bced-871a605cc370",
    "data": [
      {
        "text": "сегодня",
        "alias": "date-time",
        "meta": "@sys.date-time",
        "userDefined": true
      },
      {
        "text": " хорошая погода для ",
        "userDefined": false
      },
      {
        "text": "прогулки",
        "alias": "activity",
        "meta": "@activity",
        "userDefined": true
      }
    ],
    "isTemplate": false,
    "count": 0,
    "updated": 0
  },
  {
    "id": "5178b00e-2ea2-4518-8c22-093058a1980d",
    "data": [
      {
        "text": "хотим ",
        "userDefined": false
      },
      {
        "text": "понаблюдать за птицами",
        "alias": "activity",
        "meta": "@activity",
        "userDefined": true
      },
      {
        "text": " ",
        "userDefined": false
      },
      {
        "text": "сегодня",
        "alias": "date-time",
        "meta": "@sys.date-time",
        "userDefined": true
      },
      {
        "text": " в ",
        "userDefined": false
      },
      {
        "text": "Бостоне",
        "alias": "address",
        "meta": "@sys.location",
        "userDefined": true
      }
    ],
    "isTemplate": false,
    "count": 0,
    "updated": 0
  },
  {
    "id": "340aa336-6546-4ac6-bbd0-2e39e37c99d5",
    "data": [
      {
        "text": "стоит ли идти на ",
        "userDefined": false
      },
      {
        "text": "пробежку",
        "alias": "activity",
        "meta": "@activity",
        "userDefined": true
      }
    ],
    "isTemplate": false,
    "count": 0,
    "updated": 0
  },
  {
    "id": "ab618c7d-a9e7-4519-aaa4-a068c7502567",
    "data": [
      {
        "text": "будет ли достаточно тепло чтобы ",
        "userDefined": false
      },
      {
        "text": "пойти за грибами",
        "alias": "activity",
        "meta": "@activity",
        "userDefined": true
      },
      {
        "text": " в ",
        "userDefined": false
      },
      {
        "text": "эту пятницу",
        "alias": "date-time",
        "meta": "@sys.date-time",
        "userDefined": true
      },
      {
        "text": " ",
        "userDefined": false
      },
      {
        "text": "Новосибирск",
        "alias": "address",
        "meta": "@sys.location",
        "userDefined": true
      }
    ],
    "isTemplate": false,
    "count": 0,
    "updated": 0
  },
  {
    "id": "029a4477-d6bc-42d4-a156-9fb6f8cae83d",
    "data": [
      {
        "text": "смогу ли я ",
        "userDefined": false
      },
      {
        "text": "пойти в поход",
        "alias": "activity",
        "meta": "@activity",
        "userDefined": true
      }
    ],
    "isTemplate": false,
    "count": 0,
    "updated": 0
  },
  {
    "id": "dfa76adc-4e3d-435d-a34a-021f4f5df995",
    "data": [
      {
        "text": "пробежка",
        "alias": "activity",
        "meta": "@activity",
        "userDefined": true
      },
      {
        "text": " этим ",
        "userDefined": false
      },
      {
        "text": "вечером",
        "alias": "date-time",
        "meta": "@sys.date-time",
        "userDefined": true
      }
    ],
    "isTemplate": false,
    "count": 0,
    "updated": 0
  },
  {
    "id": "5e16b1ad-e0f9-4660-b078-dd4105be8d14",
    "data": [
      {
        "text": "стоит ли ",
        "userDefined": false
      },
      {
        "text": "идти в поход",
        "alias": "activity",
        "meta": "@activity",
        "userDefined": true
      },
      {
        "text": " в ",
        "userDefined": false
      },
      {
        "text": "эти выходные",
        "alias": "date-time",
        "meta": "@sys.date-time",
        "userDefined": true
      },
      {
        "text": " ",
        "userDefined": false
      },
      {
        "text": "Москва",
        "alias": "address",
        "meta": "@sys.location",
        "userDefined": true
      }
    ],
    "isTemplate": false,
    "count": 0,
    "updated": 0
  },
  {
    "id": "e8887f65-d698-4a9d-821d-9d9fc0ba5260",
    "data": [
      {
        "text": "думаешь погода не подходит для игры в ",
        "userDefined": false
      },
      {
        "text": "бадминтон",
        "alias": "activity",
        "meta": "@activity",
        "userDefined": true
      }
    ],
    "isTemplate": false,
    "count": 0,
    "updated": 0
  },
  {
    "id": "3af22fc3-3578-4ae3-8ab2-42de985753bf",
    "data": [
      {
        "text": "будет ли холодно в эту ",
        "userDefined": false
      },
      {
        "text": "пятницу",
        "alias": "date-time",
        "meta": "@sys.date-time",
        "userDefined": true
      },
      {
        "text": " хотим ",
        "userDefined": false
      },
      {
        "text": "поиграть в снежки",
        "alias": "activity",
        "meta": "@activity",
        "userDefined": true
      }
    ],
    "isTemplate": false,
    "count": 0,
    "updated": 0
  },
  {
    "id": "8d075c04-b3b7-4f66-b8b1-ff97299cb57f",
    "data": [
      {
        "text": "погода то что надо для ",
        "userDefined": false
      },
      {
        "text": "похода",
        "alias": "activity",
        "meta": "@activity",
        "userDefined": true
      }
    ],
    "isTemplate": false,
    "count": 0,
    "updated": 0
  },
  {
    "id": "2fc0d408-e14e-45e1-b977-4b1101718274",
    "data": [
      {
        "text": "стоит ли ",
        "userDefined": false
      },
      {
        "text": "идти в поход",
        "alias": "activity",
        "meta": "@activity",
        "userDefined": true
      },
      {
        "text": " ",
        "userDefined": false
      },
      {
        "text": "сейчас",
        "alias": "date-time",
        "meta": "@sys.date-time",
        "userDefined": true
      }
    ],
    "isTemplate": false,
    "count": 0,
    "updated": 0
  },
  {
    "id": "191706cc-2b78-44b0-b810-23999196c9dc",
    "data": [
      {
        "text": "хочу ",
        "userDefined": false
      },
      {
        "text": "пойти в поход",
        "alias": "activity",
        "meta": "@activity",
        "userDefined": true
      },
      {
        "text": " на улице тепло",
        "userDefined": false
      }
    ],
    "isTemplate": false,
    "count": 1,
    "updated": 0
  },
  {
    "id": "1e5437e7-9a78-4c98-9a89-144bba2fa033",
    "data": [
      {
        "text": "хорошо ты думаешь погода подходит для ",
        "userDefined": false
      },
      {
        "text": "похода",
        "alias": "activity",
        "meta": "@activity",
        "userDefined": true
      }
    ],
    "isTemplate": false,
    "count": 0,
    "updated": 0
  },
  {
    "id": "897b2dd2-6977-42c0-be39-2137a9a52bc4",
    "data": [
      {
        "text": "достаточно ли тепло чтобы пойти ",
        "userDefined": false
      },
      {
        "text": "поплавать",
        "alias": "activity",
        "meta": "@activity",
        "userDefined": true
      }
    ],
    "isTemplate": false,
    "count": 0,
    "updated": 0
  },
  {
    "id": "07f89033-e7be-4158-942c-964e93197487",
    "data": [
      {
        "text": "сегодня",
        "alias": "date-time",
        "meta": "@sys.date-time",
        "userDefined": true
      },
      {
        "text": " подходящая погода для ",
        "userDefined": false
      },
      {
        "text": "прогулки",
        "alias": "activity",
        "meta": "@activity",
        "userDefined": true
      }
    ],
    "isTemplate": false,
    "count": 0,
    "updated": 0
  },
  {
    "id": "7ca8c639-416f-4626-b6ab-11ea3eeada30",
    "data": [
      {
        "text": "достаточно ли тепло для ",
        "userDefined": false
      },
      {
        "text": "игр",
        "alias": "activity",
        "meta": "@activity",
        "userDefined": true
      },
      {
        "text": " на улице",
        "userDefined": false
      }
    ],
    "isTemplate": false,
    "count": 0,
    "updated": 0
  },
  {
    "id": "5e166830-27c7-43f0-b885-616af6c6e81e",
    "data": [
      {
        "text": "могу ли покататься на ",
        "userDefined": false
      },
      {
        "text": "сноуборде",
        "alias": "activity",
        "meta": "@activity",
        "userDefined": true
      }
    ],
    "isTemplate": false,
    "count": 0,
    "updated": 0
  },
  {
    "id": "8fa9ce1a-f721-4dec-9c59-72cc788cf67a",
    "data": [
      {
        "text": "можно ",
        "userDefined": false
      },
      {
        "text": "поплавать",
        "alias": "activity",
        "meta": "@activity",
        "userDefined": true
      }
    ],
    "isTemplate": false,
    "count": 0,
    "updated": 0
  },
  {
    "id": "04963c7c-c845-40e1-b0c5-0f4cccfd1e1d",
    "data": [
      {
        "text": "виндсерфинг",
        "alias": "activity",
        "meta": "@activity",
        "userDefined": true
      },
      {
        "text": " в ",
        "userDefined": false
      },
      {
        "text": "Пхукете",
        "alias": "address",
        "meta": "@sys.location",
        "userDefined": true
      },
      {
        "text": " погода то что надо",
        "userDefined": false
      }
    ],
    "isTemplate": false,
    "count": 0,
    "updated": 0
  },
  {
    "id": "e5375f2f-91af-4bc7-a2d0-a6c3bef7be95",
    "data": [
      {
        "text": "собираюсь ",
        "userDefined": false
      },
      {
        "text": "сегодня",
        "alias": "date-time",
        "meta": "@sys.date-time",
        "userDefined": true
      },
      {
        "text": " ",
        "userDefined": false
      },
      {
        "text": "кататься на лыжах",
        "alias": "activity",
        "meta": "@activity",
        "userDefined": true
      },
      {
        "text": " получится",
        "userDefined": false
      }
    ],
    "isTemplate": false,
    "count": 1,
    "updated": 0
  },
  {
    "id": "dcd92ab4-4991-4e23-bbef-dff0d6c2c873",
    "data": [
      {
        "text": "подходит ли погода для ",
        "userDefined": false
      },
      {
        "text": "прогулки",
        "alias": "activity",
        "meta": "@activity",
        "userDefined": true
      }
    ],
    "isTemplate": false,
    "count": 0,
    "updated": 0
  },
  {
    "id": "daf99389-c751-42e0-a525-275350db9baf",
    "data": [
      {
        "text": "хочу ",
        "userDefined": false
      },
      {
        "text": "прогуляться",
        "alias": "activity",
        "meta": "@activity",
        "userDefined": true
      },
      {
        "text": " по ",
        "userDefined": false
      },
      {
        "text": "Мадриду",
        "alias": "address",
        "meta": "@sys.location",
        "userDefined": true
      }
    ],
    "isTemplate": false,
    "count": 0,
    "updated": 0
  },
  {
    "id": "0cb11461-f0bb-4b32-aa72-c41a6c26b96b",
    "data": [
      {
        "text": "рафтинг",
        "alias": "activity",
        "meta": "@activity",
        "userDefined": true
      },
      {
        "text": " в ",
        "userDefined": false
      },
      {
        "text": "Майами",
        "alias": "address",
        "meta": "@sys.location",
        "userDefined": true
      },
      {
        "text": " ",
        "userDefined": false
      },
      {
        "text": "этим вечером",
        "alias": "date-time",
        "meta": "@sys.date-time",
        "userDefined": true
      }
    ],
    "isTemplate": false,
    "count": 0,
    "updated": 0
  },
  {
    "id": "17482fcc-fadc-4d66-b89f-a58229a1e42d",
    "data": [
      {
        "text": "подходящая ли на улице погода для ",
        "userDefined": false
      },
      {
        "text": "езды на горном велосипеде",
        "alias": "activity",
        "meta": "@activity",
        "userDefined": true
      }
    ],
    "isTemplate": false,
    "count": 0,
    "updated": 0
  },
  {
    "id": "93cba801-72b3-4a34-b5bc-a67635d06f6b",
    "data": [
      {
        "text": "думаешь достаточно тепло для ",
        "userDefined": false
      },
      {
        "text": "велопрогулки",
        "alias": "activity",
        "meta": "@activity",
        "userDefined": true
      }
    ],
    "isTemplate": false,
    "count": 1,
    "updated": 0
  },
  {
    "id": "7375b6f0-7707-491c-a262-c9c5fbcfb6f2",
    "data": [
      {
        "text": "хорошая погода для ",
        "userDefined": false
      },
      {
        "text": "осмотра достопримечательностей",
        "alias": "activity",
        "meta": "@activity",
        "userDefined": true
      }
    ],
    "isTemplate": false,
    "count": 0,
    "updated": 0
  },
  {
    "id": "cd1a893f-04cc-47af-8790-41efb80bda62",
    "data": [
      {
        "text": "стоит ли ехать в ",
        "userDefined": false
      },
      {
        "text": "Вену",
        "alias": "address",
        "meta": "@sys.location",
        "userDefined": true
      },
      {
        "text": " ",
        "userDefined": false
      },
      {
        "text": "кататься на лыжах",
        "alias": "activity",
        "meta": "@activity",
        "userDefined": true
      }
    ],
    "isTemplate": false,
    "count": 0,
    "updated": 0
  }
]