[
  {
    "id": "17c19c2d-b76f-4ee9-a79b-ad5a58501a11",
    "data": [
      {
        "text": "und",
        "meta": "@sys.ignore",
        "userDefined": false
      },
      {
        "text": " für ",
        "userDefined": false
      },
      {
        "text": "morgen",
        "alias": "date-time",
        "meta": "@sys.date-time",
        "userDefined": false
      }
    ],
    "isTemplate": false,
    "count": 0,
    "updated": 0
  },
  {
    "id": "c84d3368-93b5-4ac9-a166-14f01e499d85",
    "data": [
      {
        "text": "und an diesem ",
        "userDefined": false
      },
      {
        "text": "Wochenende",
        "alias": "date-time",
        "meta": "@sys.date-time",
        "userDefined": true
      }
    ],
    "isTemplate": false,
    "count": 0,
    "updated": 0
  },
  {
    "id": "402f5689-aea8-44ea-89df-08a6b143cc64",
    "data": [
      {
        "text": "und ",
        "userDefined": false
      },
      {
        "text": "morgen",
        "alias": "date-time",
        "meta": "@sys.date-time",
        "userDefined": false
      }
    ],
    "isTemplate": false,
    "count": 0,
    "updated": 0
  },
  {
    "id": "427cbdee-6a4c-4650-9344-75e776135ef0",
    "data": [
      {
        "text": "und ",
        "userDefined": false
      },
      {
        "text": "übermorgen",
        "alias": "date-time",
        "meta": "@sys.date-time",
        "userDefined": false
      }
    ],
    "isTemplate": false,
    "count": 0,
    "updated": 0
  },
  {
    "id": "446ce67d-1964-4c4b-9d44-c86763b07afb",
    "data": [
      {
        "text": "und auch für ",
        "userDefined": false
      },
      {
        "text": "morgen",
        "alias": "date-time",
        "meta": "@sys.date-time",
        "userDefined": false
      }
    ],
    "isTemplate": false,
    "count": 0,
    "updated": 0
  },
  {
    "id": "bd9c02ec-0844-4b6a-85d3-d46f1f56bc58",
    "data": [
      {
        "text": "und ",
        "userDefined": false
      },
      {
        "text": "nächste Woche",
        "alias": "date-time",
        "meta": "@sys.date-time",
        "userDefined": false
      }
    ],
    "isTemplate": false,
    "count": 0,
    "updated": 0
  },
  {
    "id": "03f28d32-7900-46e8-af6d-19f1a9f265e8",
    "data": [
      {
        "text": "und auch ",
        "userDefined": false
      },
      {
        "text": "morgen",
        "alias": "date-time",
        "meta": "@sys.date-time",
        "userDefined": false
      }
    ],
    "isTemplate": false,
    "count": 0,
    "updated": 0
  },
  {
    "id": "7cd68aa9-4cfc-4d77-9a80-59c47a0c80d6",
    "data": [
      {
        "text": "heute Abend",
        "alias": "date-time",
        "meta": "@sys.date-time",
        "userDefined": false
      }
    ],
    "isTemplate": false,
    "count": 0,
    "updated": 0
  },
  {
    "id": "5a3897e7-bc4e-40e8-bc91-e20370156f91",
    "data": [
      {
        "text": "und für ",
        "userDefined": false
      },
      {
        "text": "nächste Woche",
        "alias": "date-time",
        "meta": "@sys.date-time",
        "userDefined": false
      }
    ],
    "isTemplate": false,
    "count": 0,
    "updated": 0
  }
]