[
  {
    "id": "10dcc011-8fb6-49b3-bd9c-c0558f401b41",
    "data": [
      {
        "text": "и ",
        "userDefined": false
      },
      {
        "text": "дождь",
        "alias": "condition",
        "meta": "@weather-condition",
        "userDefined": true
      }
    ],
    "isTemplate": false,
    "count": 0,
    "updated": 0
  },
  {
    "id": "1a1bc241-68c3-4ec6-b7c2-b338bac8068e",
    "data": [
      {
        "text": "а ",
        "userDefined": false
      },
      {
        "text": "снег",
        "alias": "condition",
        "meta": "@weather-condition",
        "userDefined": true
      }
    ],
    "isTemplate": false,
    "count": 0,
    "updated": 0
  }
]