[
  {
    "id": "e01b8e5b-c2b6-4437-9f41-1eebd5124a4b",
    "data": [
      {
        "text": "du ",
        "userDefined": false
      },
      {
        "text": "soleil",
        "alias": "condition",
        "meta": "@weather-condition",
        "userDefined": true
      }
    ],
    "isTemplate": false,
    "count": 0,
    "updated": 0
  },
  {
    "id": "eead276b-9e1c-44a1-bdee-2c8904eb7b10",
    "data": [
      {
        "text": "et la ",
        "userDefined": false
      },
      {
        "text": "neige",
        "alias": "condition",
        "meta": "@weather-condition",
        "userDefined": true
      }
    ],
    "isTemplate": false,
    "count": 0,
    "updated": 0
  },
  {
    "id": "a2de7384-f501-4360-aa65-2fe6240c6b1d",
    "data": [
      {
        "text": "la ",
        "userDefined": false
      },
      {
        "text": "pluie",
        "alias": "condition",
        "meta": "@weather-condition",
        "userDefined": true
      }
    ],
    "isTemplate": false,
    "count": 0,
    "updated": 0
  }
]