[
  {
    "id": "2e51d98e-ddf0-4c6a-a69e-efdbfd7a4ded",
    "data": [
      {
        "text": "e ",
        "userDefined": false
      },
      {
        "text": "neve",
        "alias": "condition",
        "meta": "@weather-condition",
        "userDefined": true
      }
    ],
    "isTemplate": false,
    "count": 0,
    "updated": 0
  },
  {
    "id": "f40adccc-d4a9-493c-b2ba-b43566042fb8",
    "data": [
      {
        "text": "e ",
        "userDefined": false
      },
      {
        "text": "chuva",
        "alias": "condition",
        "meta": "@weather-condition",
        "userDefined": true
      }
    ],
    "isTemplate": false,
    "count": 0,
    "updated": 0
  }
]