[
  {
    "id": "38e16e22-1998-4c78-a38b-ebaad0823a04",
    "data": [
      {
        "text": "e la ",
        "userDefined": false
      },
      {
        "text": "pioggia",
        "alias": "condition",
        "meta": "@weather-condition",
        "userDefined": true
      }
    ],
    "isTemplate": false,
    "count": 0,
    "updated": 0
  },
  {
    "id": "7486aaea-4815-4374-b6e8-88072ec375f7",
    "data": [
      {
        "text": "e le ",
        "userDefined": false
      },
      {
        "text": "nuvole",
        "alias": "condition",
        "meta": "@weather-condition",
        "userDefined": true
      }
    ],
    "isTemplate": false,
    "count": 0,
    "updated": 0
  },
  {
    "id": "48fdd4aa-d35f-4b80-92c7-02a20c378d01",
    "data": [
      {
        "text": "e ",
        "userDefined": false
      },
      {
        "text": "nevicherà",
        "alias": "condition",
        "meta": "@weather-condition",
        "userDefined": true
      }
    ],
    "isTemplate": false,
    "count": 0,
    "updated": 0
  }
]