[
  {
    "id": "bc3016c0-0cc7-4c94-a7e3-dc044d4f54a5",
    "data": [
      {
        "text": "還要",
        "userDefined": false
      },
      {
        "text": "明天",
        "alias": "date-time",
        "meta": "@sys.date-time",
        "userDefined": false
      }
    ],
    "isTemplate": false,
    "count": 0,
    "updated": 0
  },
  {
    "id": "98f6d5f6-28ae-4877-bd80-9599a0729772",
    "data": [
      {
        "text": "關于",
        "userDefined": false
      },
      {
        "text": "兩天後",
        "alias": "date-time",
        "meta": "@sys.date-time",
        "userDefined": true
      }
    ],
    "isTemplate": false,
    "count": 0,
    "updated": 0
  },
  {
    "id": "cecb5379-2f89-4792-8680-7b850415882c",
    "data": [
      {
        "text": "關",
        "meta": "@sys.ignore",
        "userDefined": false
      },
      {
        "text": "于",
        "userDefined": false
      },
      {
        "text": "明天",
        "alias": "date-time",
        "meta": "@sys.date-time",
        "userDefined": false
      }
    ],
    "isTemplate": false,
    "count": 0,
    "updated": 0
  },
  {
    "id": "bf0cc4a8-c0ac-427c-993a-9a41a5487ebe",
    "data": [
      {
        "text": "還能不能",
        "userDefined": false
      },
      {
        "text": "明天",
        "alias": "date-time",
        "meta": "@sys.date-time",
        "userDefined": false
      }
    ],
    "isTemplate": false,
    "count": 0,
    "updated": 0
  },
  {
    "id": "64fc9c05-f05f-4d85-901b-84e3fbc9506d",
    "data": [
      {
        "text": "會不會",
        "userDefined": false
      },
      {
        "text": "前天",
        "alias": "date-time",
        "meta": "@sys.date-time",
        "userDefined": false
      }
    ],
    "isTemplate": false,
    "count": 0,
    "updated": 0
  },
  {
    "id": "20fbe267-f7e7-4418-bc3e-f6d7310dbc3c",
    "data": [
      {
        "text": "還要",
        "userDefined": false
      },
      {
        "text": "三天前",
        "alias": "date-time",
        "meta": "@sys.date-time",
        "userDefined": false
      }
    ],
    "isTemplate": false,
    "count": 0,
    "updated": 0
  },
  {
    "id": "0ed4efc5-6b17-4f8e-8e65-b5f490ed55bb",
    "data": [
      {
        "text": "怎麽能",
        "userDefined": false
      },
      {
        "text": "下個星期日",
        "alias": "date-time",
        "meta": "@sys.date-time",
        "userDefined": false
      }
    ],
    "isTemplate": false,
    "count": 0,
    "updated": 0
  },
  {
    "id": "035b9a19-645e-441a-b1d2-fc171c42025c",
    "data": [
      {
        "text": "還需要",
        "userDefined": false
      },
      {
        "text": "昨天",
        "alias": "date-time",
        "meta": "@sys.date-time",
        "userDefined": false
      }
    ],
    "isTemplate": false,
    "count": 0,
    "updated": 0
  },
  {
    "id": "d0fa1690-2252-434c-ac61-39696309898d",
    "data": [
      {
        "text": "明天",
        "alias": "date-time",
        "meta": "@sys.date-time",
        "userDefined": false
      }
    ],
    "isTemplate": false,
    "count": 0,
    "updated": 0
  },
  {
    "id": "1c62e8a0-8123-430c-91c4-311c3a13ee75",
    "data": [
      {
        "text": "我還很想",
        "userDefined": false
      },
      {
        "text": "一月一號",
        "alias": "date-time",
        "meta": "@sys.date-time",
        "userDefined": false
      }
    ],
    "isTemplate": false,
    "count": 0,
    "updated": 0
  },
  {
    "id": "8d6d8378-549b-4aa2-b7b3-d800848a723a",
    "data": [
      {
        "text": "我還要",
        "userDefined": false
      },
      {
        "text": "昨天",
        "alias": "date-time",
        "meta": "@sys.date-time",
        "userDefined": false
      }
    ],
    "isTemplate": false,
    "count": 0,
    "updated": 0
  },
  {
    "id": "758aaa81-c32c-4001-98b5-66a0a7472704",
    "data": [
      {
        "text": "能不能",
        "userDefined": false
      },
      {
        "text": "下星期五",
        "alias": "date-time",
        "meta": "@sys.date-time",
        "userDefined": false
      }
    ],
    "isTemplate": false,
    "count": 0,
    "updated": 0
  },
  {
    "id": "5bf09a7d-ab0f-4a02-b34f-a48f2f2dd611",
    "data": [
      {
        "text": "現在",
        "userDefined": false
      },
      {
        "text": "明天",
        "alias": "date-time",
        "meta": "@sys.date-time",
        "userDefined": false
      }
    ],
    "isTemplate": false,
    "count": 0,
    "updated": 0
  }
]