[
  {
    "id": "be638c59-dd6e-47b2-ae3e-f8d54e938961",
    "data": [
      {
        "text": "devo sair para ",
        "userDefined": false
      },
      {
        "text": "correr",
        "alias": "activity",
        "meta": "@activity",
        "userDefined": true
      }
    ],
    "isTemplate": false,
    "count": 0,
    "updated": 0
  },
  {
    "id": "40e65c55-78fe-4b68-87c0-d4947050fd87",
    "data": [
      {
        "text": "o clima está bom para ",
        "userDefined": false
      },
      {
        "text": "guerras de bola de neve",
        "alias": "activity",
        "meta": "@activity",
        "userDefined": true
      }
    ],
    "isTemplate": false,
    "count": 0,
    "updated": 0
  },
  {
    "id": "684459e0-3d00-4a79-9250-120c7e2ee66f",
    "data": [
      {
        "text": "em ",
        "userDefined": false
      },
      {
        "text": "Salvador",
        "alias": "address",
        "meta": "@sys.location",
        "userDefined": false
      },
      {
        "text": " o tempo está bom para ",
        "userDefined": false
      },
      {
        "text": "ir a praia",
        "alias": "activity",
        "meta": "@activity",
        "userDefined": true
      }
    ],
    "isTemplate": false,
    "count": 0,
    "updated": 0
  },
  {
    "id": "071ac727-a6da-47f1-a254-3ec3e66e8569",
    "data": [
      {
        "text": "planejo ",
        "userDefined": false
      },
      {
        "text": "esquiar",
        "alias": "activity",
        "meta": "@activity",
        "userDefined": true
      },
      {
        "text": " ",
        "userDefined": false
      },
      {
        "text": "hoje",
        "alias": "date-time",
        "meta": "@sys.date-time",
        "userDefined": true
      },
      {
        "text": " é possível",
        "userDefined": false
      }
    ],
    "isTemplate": false,
    "count": 0,
    "updated": 0
  },
  {
    "id": "3a42a71d-a523-4e2c-9a1a-a446a77d463f",
    "data": [
      {
        "text": "o tempo está bom o bastante para ",
        "userDefined": false
      },
      {
        "text": "jogar frisbee",
        "alias": "activity",
        "meta": "@activity",
        "userDefined": true
      },
      {
        "text": " lá fora",
        "userDefined": false
      }
    ],
    "isTemplate": false,
    "count": 1,
    "updated": 0
  },
  {
    "id": "682899f2-9a1d-4cf5-ad8e-ceff30dfec38",
    "data": [
      {
        "text": "o clima está bom o suficiente para ",
        "userDefined": false
      },
      {
        "text": "jogar frisbee",
        "alias": "activity",
        "meta": "@activity",
        "userDefined": true
      },
      {
        "text": " ao ar livre",
        "userDefined": false
      }
    ],
    "isTemplate": false,
    "count": 0,
    "updated": 0
  },
  {
    "id": "477754bf-b758-4c99-a957-66e70c7e2962",
    "data": [
      {
        "text": "quero fazer uma ",
        "userDefined": false
      },
      {
        "text": "caminhada",
        "alias": "activity",
        "meta": "@activity",
        "userDefined": true
      },
      {
        "text": " ",
        "userDefined": false
      },
      {
        "text": "amanhã de manhã",
        "alias": "date-time",
        "meta": "@sys.date-time",
        "userDefined": true
      },
      {
        "text": " pode me dizer se o tempo estará bom",
        "userDefined": false
      }
    ],
    "isTemplate": false,
    "count": 0,
    "updated": 0
  },
  {
    "id": "c2f7b5bd-9dd2-46a9-b77f-8e022dfe0f32",
    "data": [
      {
        "text": "você acha que o clima está bom para ",
        "userDefined": false
      },
      {
        "text": "pedalar",
        "alias": "activity",
        "meta": "@activity",
        "userDefined": true
      }
    ],
    "isTemplate": false,
    "count": 0,
    "updated": 0
  },
  {
    "id": "94482106-49ab-4630-967d-6ee62cb8d7e3",
    "data": [
      {
        "text": "é uma boa ideia fazer uma ",
        "userDefined": false
      },
      {
        "text": "caminhada",
        "alias": "activity",
        "meta": "@activity",
        "userDefined": true
      },
      {
        "text": " agora",
        "userDefined": false
      }
    ],
    "isTemplate": false,
    "count": 0,
    "updated": 0
  },
  {
    "id": "c75a09e7-da56-4fd5-9a74-b72d08b98562",
    "data": [
      {
        "text": "me diga se o tempo está bom para ",
        "userDefined": false
      },
      {
        "text": "surfar",
        "alias": "activity",
        "meta": "@activity",
        "userDefined": false
      },
      {
        "text": " ",
        "userDefined": false
      },
      {
        "text": "hoje",
        "alias": "date-time",
        "meta": "@sys.date-time",
        "userDefined": false
      },
      {
        "text": " no ",
        "userDefined": false
      },
      {
        "text": "Rio de Janeiro",
        "alias": "address",
        "meta": "@sys.location",
        "userDefined": true
      }
    ],
    "isTemplate": false,
    "count": 0,
    "updated": 0
  },
  {
    "id": "53c63808-4aa6-4144-8829-a2abde0ec44a",
    "data": [
      {
        "text": "você acha que o clima está ruim para ",
        "userDefined": false
      },
      {
        "text": "jogar frisbee",
        "alias": "activity",
        "meta": "@activity",
        "userDefined": true
      }
    ],
    "isTemplate": false,
    "count": 0,
    "updated": 0
  },
  {
    "id": "23206c4d-bcb0-43a6-81d9-95d7eadac9d7",
    "data": [
      {
        "text": "o clima está bom para ",
        "userDefined": false
      },
      {
        "text": "caminhar",
        "alias": "activity",
        "meta": "@activity",
        "userDefined": true
      }
    ],
    "isTemplate": false,
    "count": 0,
    "updated": 0
  },
  {
    "id": "1e35c9c5-baa3-4b7f-90b5-ae12cb8f01ee",
    "data": [
      {
        "text": "posso ",
        "userDefined": false
      },
      {
        "text": "surfar",
        "alias": "activity",
        "meta": "@activity",
        "userDefined": true
      }
    ],
    "isTemplate": false,
    "count": 0,
    "updated": 0
  },
  {
    "id": "2f6a45b7-086c-4947-b6a9-38c7fc52d774",
    "data": [
      {
        "text": "caminhada",
        "alias": "activity",
        "meta": "@activity",
        "userDefined": true
      },
      {
        "text": " é uma boa ideia agora",
        "userDefined": false
      }
    ],
    "isTemplate": false,
    "count": 1,
    "updated": 0
  }
]