[
  {
    "id": "e3c21ec4-aadf-4388-8c0b-955c1454505f",
    "data": [
      {
        "text": "теперь в ",
        "userDefined": false
      },
      {
        "text": "Новосибирске",
        "alias": "address",
        "meta": "@sys.location",
        "userDefined": true
      }
    ],
    "isTemplate": false,
    "count": 0,
    "updated": 0
  },
  {
    "id": "e9980dcf-97c2-494b-89bc-7d5901adcc2c",
    "data": [
      {
        "text": "Париж",
        "alias": "address",
        "meta": "@sys.location",
        "userDefined": true
      }
    ],
    "isTemplate": false,
    "count": 0,
    "updated": 0
  },
  {
    "id": "e7268eeb-1d2b-42cf-8384-81013979e7f7",
    "data": [
      {
        "text": "и что в ",
        "userDefined": false
      },
      {
        "text": "Риме",
        "alias": "address",
        "meta": "@sys.location",
        "userDefined": true
      }
    ],
    "isTemplate": false,
    "count": 0,
    "updated": 0
  },
  {
    "id": "6947a5e1-76d4-4b5b-8f0b-f7c4e60f93cd",
    "data": [
      {
        "text": "а какая в ",
        "userDefined": false
      },
      {
        "text": "Екатеринбурге",
        "alias": "address",
        "meta": "@sys.location",
        "userDefined": true
      }
    ],
    "isTemplate": false,
    "count": 0,
    "updated": 0
  },
  {
    "id": "ced9c3cd-564c-4895-bb7c-f7346e50efc4",
    "data": [
      {
        "text": "и в ",
        "userDefined": false
      },
      {
        "text": "Милане",
        "alias": "address",
        "meta": "@sys.location",
        "userDefined": true
      }
    ],
    "isTemplate": false,
    "count": 0,
    "updated": 0
  },
  {
    "id": "153da297-4c93-4f8e-b44d-b1d919341e31",
    "data": [
      {
        "text": "можешь проверить для ",
        "userDefined": false
      },
      {
        "text": "Лондона",
        "alias": "address",
        "meta": "@sys.location",
        "userDefined": true
      }
    ],
    "isTemplate": false,
    "count": 0,
    "updated": 0
  },
  {
    "id": "b33c8218-79c0-40a7-bf6a-880d2a0ed9fe",
    "data": [
      {
        "text": "что насчёт ",
        "userDefined": false
      },
      {
        "text": "Москвы",
        "alias": "address",
        "meta": "@sys.location",
        "userDefined": true
      }
    ],
    "isTemplate": false,
    "count": 0,
    "updated": 0
  },
  {
    "id": "9e7867c5-bdac-41fc-8deb-2cf2cf048959",
    "data": [
      {
        "text": "а как в ",
        "userDefined": false
      },
      {
        "text": "Амстердаме",
        "alias": "address",
        "meta": "@sys.location",
        "userDefined": true
      }
    ],
    "isTemplate": false,
    "count": 0,
    "updated": 0
  }
]