[
  {
    "id": "da226989-f6c0-4c0d-8aaa-2222396956d8",
    "data": [
      {
        "text": "della ",
        "userDefined": false
      },
      {
        "text": "settimana prossima",
        "alias": "date-time",
        "meta": "@sys.date-time",
        "userDefined": true
      }
    ],
    "isTemplate": false,
    "count": 0,
    "updated": 0
  },
  {
    "id": "e0363e70-a04f-40aa-aa4c-26690dfc8c80",
    "data": [
      {
        "text": "e questo ",
        "userDefined": false
      },
      {
        "text": "fine settimana",
        "alias": "date-time",
        "meta": "@sys.date-time",
        "userDefined": true
      }
    ],
    "isTemplate": false,
    "count": 1,
    "updated": 0
  },
  {
    "id": "610d910f-d575-45b2-afed-bb9ee5b76111",
    "data": [
      {
        "text": "e ",
        "userDefined": false
      },
      {
        "text": "sabato",
        "alias": "date-time",
        "meta": "@sys.date-time",
        "userDefined": true
      }
    ],
    "isTemplate": false,
    "count": 0,
    "updated": 0
  },
  {
    "id": "4cd256a3-5772-44cb-8b0c-da0e3b5cc52d",
    "data": [
      {
        "text": "di ",
        "userDefined": false
      },
      {
        "text": "settimana prossima",
        "alias": "date-time",
        "meta": "@sys.date-time",
        "userDefined": true
      }
    ],
    "isTemplate": false,
    "count": 0,
    "updated": 0
  },
  {
    "id": "871d7c8d-61fc-47d6-abc4-87af545f5287",
    "data": [
      {
        "text": "pure per ",
        "userDefined": false
      },
      {
        "text": "domani",
        "alias": "date-time",
        "meta": "@sys.date-time",
        "userDefined": true
      }
    ],
    "isTemplate": false,
    "count": 0,
    "updated": 0
  },
  {
    "id": "7c1b369d-af81-4e7b-9986-38c7564120c1",
    "data": [
      {
        "text": "e per ",
        "userDefined": false
      },
      {
        "text": "domani",
        "alias": "date-time",
        "meta": "@sys.date-time",
        "userDefined": true
      }
    ],
    "isTemplate": false,
    "count": 0,
    "updated": 0
  },
  {
    "id": "e05b15ed-78b9-4a36-91ec-5e93a0850205",
    "data": [
      {
        "text": "anche ",
        "userDefined": false
      },
      {
        "text": "oggi",
        "alias": "date-time",
        "meta": "@sys.date-time",
        "userDefined": true
      }
    ],
    "isTemplate": false,
    "count": 0,
    "updated": 0
  },
  {
    "id": "417fc555-aa14-4773-b50c-6c1f4bc94d9b",
    "data": [
      {
        "text": "per ",
        "userDefined": false
      },
      {
        "text": "domani",
        "alias": "date-time",
        "meta": "@sys.date-time",
        "userDefined": true
      }
    ],
    "isTemplate": false,
    "count": 0,
    "updated": 0
  },
  {
    "id": "8c8bc6ac-3000-43f8-b9db-896b07d4b200",
    "data": [
      {
        "text": "e anche per ",
        "userDefined": false
      },
      {
        "text": "oggi",
        "alias": "date-time",
        "meta": "@sys.date-time",
        "userDefined": true
      }
    ],
    "isTemplate": false,
    "count": 0,
    "updated": 0
  }
]