[
  {
    "id": "82254a1e-dfaa-4f61-aa0c-50c3fe914a64",
    "data": [
      {
        "text": "能不能",
        "userDefined": false
      },
      {
        "text": "雷暴",
        "alias": "condition",
        "meta": "@weather-condition",
        "userDefined": false
      }
    ],
    "isTemplate": false,
    "count": 0,
    "updated": 0
  },
  {
    "id": "042a98b4-63de-4300-bf44-39e3799c4208",
    "data": [
      {
        "text": "还需要",
        "userDefined": false
      },
      {
        "text": "晴朗",
        "alias": "condition",
        "meta": "@weather-condition",
        "userDefined": false
      }
    ],
    "isTemplate": false,
    "count": 0,
    "updated": 0
  },
  {
    "id": "7a865477-8e73-47d2-ba33-513243ec3011",
    "data": [
      {
        "text": "还能不能",
        "userDefined": false
      },
      {
        "text": "太阳",
        "alias": "condition",
        "meta": "@weather-condition",
        "userDefined": false
      }
    ],
    "isTemplate": false,
    "count": 0,
    "updated": 0
  },
  {
    "id": "b37f2b22-105a-4b73-af92-190c04c103d1",
    "data": [
      {
        "text": "烟雾",
        "alias": "condition",
        "meta": "@weather-condition",
        "userDefined": false
      },
      {
        "text": "呢",
        "userDefined": false
      }
    ],
    "isTemplate": false,
    "count": 1,
    "updated": 0
  },
  {
    "id": "aa49402e-3755-437e-ac9b-54347fbd5d92",
    "data": [
      {
        "text": "会不会",
        "userDefined": false
      },
      {
        "text": "多云",
        "alias": "condition",
        "meta": "@weather-condition",
        "userDefined": false
      }
    ],
    "isTemplate": false,
    "count": 0,
    "updated": 0
  },
  {
    "id": "06c353db-0add-4655-82c2-d4fb9714e611",
    "data": [
      {
        "text": "关于",
        "userDefined": false
      },
      {
        "text": "风",
        "alias": "condition",
        "meta": "@weather-condition",
        "userDefined": false
      }
    ],
    "isTemplate": false,
    "count": 0,
    "updated": 0
  },
  {
    "id": "15b0d4da-805f-42e0-b902-5cc0ca57d124",
    "data": [
      {
        "text": "还要",
        "userDefined": false
      },
      {
        "text": "多风",
        "alias": "condition",
        "meta": "@weather-condition",
        "userDefined": false
      }
    ],
    "isTemplate": false,
    "count": 0,
    "updated": 0
  },
  {
    "id": "6dd63cf4-39c1-4e3a-9c70-c0bfc7167339",
    "data": [
      {
        "text": "我还要",
        "userDefined": false
      },
      {
        "text": "细雨",
        "alias": "condition",
        "meta": "@weather-condition",
        "userDefined": false
      }
    ],
    "isTemplate": false,
    "count": 0,
    "updated": 0
  },
  {
    "id": "ae2a4105-439d-464e-b869-a80e1815cdaf",
    "data": [
      {
        "text": "现在",
        "userDefined": false
      },
      {
        "text": "下雨",
        "alias": "condition",
        "meta": "@weather-condition",
        "userDefined": false
      }
    ],
    "isTemplate": false,
    "count": 0,
    "updated": 0
  },
  {
    "id": "f2ef43a6-cbb7-492d-a375-568b821566ca",
    "data": [
      {
        "text": "我还很想",
        "userDefined": false
      },
      {
        "text": "阵雪",
        "alias": "condition",
        "meta": "@weather-condition",
        "userDefined": false
      }
    ],
    "isTemplate": false,
    "count": 0,
    "updated": 0
  },
  {
    "id": "277a6871-c5d7-4a85-b456-4b28c16bce7e",
    "data": [
      {
        "text": "怎么能",
        "userDefined": false
      },
      {
        "text": "雷雨",
        "alias": "condition",
        "meta": "@weather-condition",
        "userDefined": false
      }
    ],
    "isTemplate": false,
    "count": 0,
    "updated": 0
  }
]