[
  {
    "id": "1c8f82bb-e399-46d2-b57e-203dc2ea67e2",
    "data": [
      {
        "text": "hace buen tiempo para ",
        "userDefined": false
      },
      {
        "text": "jugar a frisbee",
        "alias": "activity",
        "meta": "@activity",
        "userDefined": true
      },
      {
        "text": " fuera",
        "userDefined": false
      }
    ],
    "isTemplate": false,
    "count": 0,
    "updated": 0
  },
  {
    "id": "1177029f-052c-4c6e-a540-a0ab932bbe91",
    "data": [
      {
        "text": "infórmame si está bueno afuera para ",
        "userDefined": false
      },
      {
        "text": "caminar",
        "alias": "activity",
        "meta": "@activity",
        "userDefined": true
      },
      {
        "text": " por ",
        "userDefined": false
      },
      {
        "text": "Valencia",
        "alias": "address",
        "meta": "@sys.location",
        "userDefined": true
      }
    ],
    "isTemplate": false,
    "count": 0,
    "updated": 0
  },
  {
    "id": "8226def8-814b-440e-9394-f0fda271f5f2",
    "data": [
      {
        "text": "podré ",
        "userDefined": false
      },
      {
        "text": "ir a la playa",
        "alias": "activity",
        "meta": "@activity",
        "userDefined": true
      }
    ],
    "isTemplate": false,
    "count": 0,
    "updated": 0
  },
  {
    "id": "1aec484e-302c-4adb-85b3-b7a8b35c5e5e",
    "data": [
      {
        "text": "es buena idea hacer ",
        "userDefined": false
      },
      {
        "text": "senderismo",
        "alias": "activity",
        "meta": "@activity",
        "userDefined": true
      },
      {
        "text": " ahora mismo",
        "userDefined": false
      }
    ],
    "isTemplate": false,
    "count": 0,
    "updated": 0
  },
  {
    "id": "aa72470c-76b3-4d7c-8c80-43cc5aa61bce",
    "data": [
      {
        "text": "puedo ir a ",
        "userDefined": false
      },
      {
        "text": "caminar",
        "alias": "activity",
        "meta": "@activity",
        "userDefined": true
      },
      {
        "text": " ahora por ",
        "userDefined": false
      },
      {
        "text": "Madrid",
        "alias": "address",
        "meta": "@sys.location",
        "userDefined": true
      }
    ],
    "isTemplate": false,
    "count": 0,
    "updated": 0
  },
  {
    "id": "86cb767c-41c2-4186-9448-cbc99b0ea16d",
    "data": [
      {
        "text": "me gustaría saber si puedo ",
        "userDefined": false
      },
      {
        "text": "ir a la playa",
        "alias": "activity",
        "meta": "@activity",
        "userDefined": true
      }
    ],
    "isTemplate": false,
    "count": 0,
    "updated": 0
  },
  {
    "id": "6ea3c87f-d37b-413f-93f7-d235209ce989",
    "data": [
      {
        "text": "el clima me permite ir a ",
        "userDefined": false
      },
      {
        "text": "acampar",
        "alias": "activity",
        "meta": "@activity",
        "userDefined": true
      }
    ],
    "isTemplate": false,
    "count": 0,
    "updated": 0
  },
  {
    "id": "8d80fb50-aa65-4f49-b4a6-40a62f614133",
    "data": [
      {
        "text": "no sé si es bueno ",
        "userDefined": false
      },
      {
        "text": "ir a la playa",
        "alias": "activity",
        "meta": "@activity",
        "userDefined": true
      },
      {
        "text": " ",
        "userDefined": false
      },
      {
        "text": "mañana",
        "alias": "date-time",
        "meta": "@sys.date-time",
        "userDefined": true
      }
    ],
    "isTemplate": false,
    "count": 0,
    "updated": 0
  },
  {
    "id": "2baa337a-a2c8-48c3-b64c-2be3da9f4d21",
    "data": [
      {
        "text": "trotar",
        "alias": "activity",
        "meta": "@activity",
        "userDefined": true
      },
      {
        "text": " se puede ahora por el clima",
        "userDefined": false
      }
    ],
    "isTemplate": false,
    "count": 0,
    "updated": 0
  },
  {
    "id": "fec7d2f9-53ba-4c7a-ab9e-7745d6f0c7a8",
    "data": [
      {
        "text": "no",
        "meta": "@sys.ignore",
        "userDefined": true
      },
      {
        "text": " podré ",
        "userDefined": false
      },
      {
        "text": "trotar",
        "alias": "activity",
        "meta": "@activity",
        "userDefined": true
      },
      {
        "text": " ",
        "userDefined": false
      },
      {
        "text": "por el",
        "meta": "@sys.ignore",
        "userDefined": true
      },
      {
        "text": " clima afuera",
        "userDefined": false
      }
    ],
    "isTemplate": false,
    "count": 0,
    "updated": 0
  },
  {
    "id": "8f054d22-e464-455d-926a-f02f424a2f3a",
    "data": [
      {
        "text": "es recomendable ",
        "userDefined": false
      },
      {
        "text": "salir",
        "meta": "@sys.ignore",
        "userDefined": true
      },
      {
        "text": " ahora en ",
        "userDefined": false
      },
      {
        "text": "Murcia",
        "alias": "address",
        "meta": "@sys.location",
        "userDefined": true
      }
    ],
    "isTemplate": false,
    "count": 0,
    "updated": 0
  },
  {
    "id": "25f5e503-f108-4a6c-b4f4-cda4fdc9846f",
    "data": [
      {
        "text": "el tiempo afuera me permite ",
        "userDefined": false
      },
      {
        "text": "ir al parque",
        "alias": "activity",
        "meta": "@activity",
        "userDefined": true
      }
    ],
    "isTemplate": false,
    "count": 0,
    "updated": 0
  },
  {
    "id": "a18c6dd4-205b-48f5-b79f-2fee4b054dde",
    "data": [
      {
        "text": "se puede ir a ",
        "userDefined": false
      },
      {
        "text": "correr",
        "alias": "activity",
        "meta": "@activity",
        "userDefined": true
      },
      {
        "text": " con el clima de ",
        "userDefined": false
      },
      {
        "text": "Londres",
        "alias": "address",
        "meta": "@sys.location",
        "userDefined": true
      },
      {
        "text": " ahora",
        "userDefined": false
      }
    ],
    "isTemplate": false,
    "count": 0,
    "updated": 0
  },
  {
    "id": "1d50b878-f650-4f9c-9c48-b6c4a87bcf41",
    "data": [
      {
        "text": "hace buen tiempo para ",
        "userDefined": false
      },
      {
        "text": "caminar",
        "alias": "activity",
        "meta": "@activity",
        "userDefined": true
      }
    ],
    "isTemplate": false,
    "count": 1,
    "updated": 0
  },
  {
    "id": "70fd750f-4eb4-408d-b2a9-25c608a95be7",
    "data": [
      {
        "text": "dime si hace buen tiempo para ",
        "userDefined": false
      },
      {
        "text": "ir a la playa",
        "alias": "activity",
        "meta": "@activity",
        "userDefined": true
      },
      {
        "text": " en ",
        "userDefined": false
      },
      {
        "text": "Torrevieja",
        "alias": "address",
        "meta": "@sys.location",
        "userDefined": true
      },
      {
        "text": " ",
        "userDefined": false
      },
      {
        "text": "hoy",
        "alias": "date-time",
        "meta": "@sys.date-time",
        "userDefined": true
      }
    ],
    "isTemplate": false,
    "count": 0,
    "updated": 0
  },
  {
    "id": "2192d2d3-cc39-4a97-b117-e67db99e4206",
    "data": [
      {
        "text": "hace buen tiempo para ",
        "userDefined": false
      },
      {
        "text": "ir a la playa",
        "alias": "activity",
        "meta": "@activity",
        "userDefined": true
      }
    ],
    "isTemplate": false,
    "count": 0,
    "updated": 0
  },
  {
    "id": "56ea146e-2b8c-44b5-9683-5034da2d43a4",
    "data": [
      {
        "text": "avísame si está bueno para salir a ",
        "userDefined": false
      },
      {
        "text": "correr",
        "alias": "activity",
        "meta": "@activity",
        "userDefined": true
      }
    ],
    "isTemplate": false,
    "count": 0,
    "updated": 0
  },
  {
    "id": "a18644f3-3ec5-4cb5-bd61-960bc2f505a6",
    "data": [
      {
        "text": "podré ir a ",
        "userDefined": false
      },
      {
        "text": "escalar a la montaña",
        "alias": "activity",
        "meta": "@activity",
        "userDefined": true
      },
      {
        "text": " el ",
        "userDefined": false
      },
      {
        "text": "jueves",
        "alias": "date-time",
        "meta": "@sys.date-time",
        "userDefined": true
      }
    ],
    "isTemplate": false,
    "count": 3,
    "updated": 0
  },
  {
    "id": "01667cfc-597b-4632-847b-30d16cc12cb5",
    "data": [
      {
        "text": "está fresco afuera para ir a ",
        "userDefined": false
      },
      {
        "text": "correr",
        "alias": "activity",
        "meta": "@activity",
        "userDefined": true
      }
    ],
    "isTemplate": false,
    "count": 0,
    "updated": 0
  },
  {
    "id": "5af50ac3-4612-490e-a734-d186a17a65ab",
    "data": [
      {
        "text": "el clima está a mi favor para ",
        "userDefined": false
      },
      {
        "text": "surfear",
        "alias": "activity",
        "meta": "@activity",
        "userDefined": true
      }
    ],
    "isTemplate": false,
    "count": 0,
    "updated": 0
  },
  {
    "id": "e4db24ca-8373-40d9-9dd3-c889141cbe81",
    "data": [
      {
        "text": "me podrías decir si está bueno el clima para ",
        "userDefined": false
      },
      {
        "text": "acampar",
        "alias": "activity",
        "meta": "@activity",
        "userDefined": true
      }
    ],
    "isTemplate": false,
    "count": 0,
    "updated": 0
  },
  {
    "id": "07c9aa57-d836-462a-a0fe-c7b5c3ad5bbd",
    "data": [
      {
        "text": "informar ",
        "userDefined": false
      },
      {
        "text": "si",
        "meta": "@sys.ignore",
        "userDefined": true
      },
      {
        "text": " estará ",
        "userDefined": false
      },
      {
        "text": "bueno",
        "meta": "@sys.ignore",
        "userDefined": true
      },
      {
        "text": " ",
        "userDefined": false
      },
      {
        "text": "mañana",
        "alias": "date-time",
        "meta": "@sys.date-time",
        "userDefined": true
      },
      {
        "text": " ",
        "userDefined": false
      },
      {
        "text": "para",
        "meta": "@sys.ignore",
        "userDefined": true
      },
      {
        "text": " ",
        "userDefined": false
      },
      {
        "text": "caminar",
        "alias": "activity",
        "meta": "@activity",
        "userDefined": true
      }
    ],
    "isTemplate": false,
    "count": 0,
    "updated": 0
  },
  {
    "id": "11aac4be-cf42-49c4-bac9-7842fdcf3703",
    "data": [
      {
        "text": "me permite el tiempo ir a ",
        "userDefined": false
      },
      {
        "text": "correr",
        "alias": "activity",
        "meta": "@activity",
        "userDefined": true
      }
    ],
    "isTemplate": false,
    "count": 0,
    "updated": 0
  },
  {
    "id": "92fb3b77-c0d7-4eb8-a674-803aa5b4b49b",
    "data": [
      {
        "text": "me cae bien el clima para ",
        "userDefined": false
      },
      {
        "text": "ir a la montaña",
        "alias": "activity",
        "meta": "@activity",
        "userDefined": true
      }
    ],
    "isTemplate": false,
    "count": 0,
    "updated": 0
  },
  {
    "id": "65b8c6e7-eea4-4589-9f92-79c8a0521177",
    "data": [
      {
        "text": "avisarme si está bueno el clima para ",
        "userDefined": false
      },
      {
        "text": "ir a la playa",
        "alias": "activity",
        "meta": "@activity",
        "userDefined": true
      }
    ],
    "isTemplate": false,
    "count": 0,
    "updated": 0
  },
  {
    "id": "60a30d22-7e62-4d1e-98ba-59128dd726cc",
    "data": [
      {
        "text": "me puedes decir cómo está el clima para ",
        "userDefined": false
      },
      {
        "text": "ir a la montaña",
        "alias": "activity",
        "meta": "@activity",
        "userDefined": true
      }
    ],
    "isTemplate": false,
    "count": 0,
    "updated": 0
  },
  {
    "id": "3ae4506a-f178-4b21-844c-3cf0f64f7d81",
    "data": [
      {
        "text": "puedo ir tranquilamente a ",
        "userDefined": false
      },
      {
        "text": "acampar",
        "alias": "activity",
        "meta": "@activity",
        "userDefined": true
      },
      {
        "text": " a la montaña",
        "userDefined": false
      }
    ],
    "isTemplate": false,
    "count": 0,
    "updated": 0
  },
  {
    "id": "7be77ee3-a619-4927-bca0-c3c4aec76cdf",
    "data": [
      {
        "text": "está bueno el tiempo para ",
        "userDefined": false
      },
      {
        "text": "caminar",
        "alias": "activity",
        "meta": "@activity",
        "userDefined": true
      }
    ],
    "isTemplate": false,
    "count": 0,
    "updated": 0
  }
]