[
  {
    "id": "29777e7f-d9a8-4770-9398-c51c57b19465",
    "data": [
      {
        "text": "vai ",
        "userDefined": false
      },
      {
        "text": "nevar",
        "alias": "condition",
        "meta": "@weather-condition",
        "userDefined": true
      }
    ],
    "isTemplate": false,
    "count": 0,
    "updated": 0
  },
  {
    "id": "bb4079d2-65c8-44a5-b0e9-8135e161fed9",
    "data": [
      {
        "text": "e ",
        "userDefined": false
      },
      {
        "text": "chover",
        "alias": "condition",
        "meta": "@weather-condition",
        "userDefined": true
      }
    ],
    "isTemplate": false,
    "count": 0,
    "updated": 0
  }
]