[
  {
    "id": "0d0ab48e-df64-4063-b628-3748061177ec",
    "data": [
      {
        "text": "et ",
        "userDefined": false
      },
      {
        "text": "dimanche",
        "alias": "date-time",
        "meta": "@sys.date-time",
        "userDefined": true
      }
    ],
    "isTemplate": false,
    "count": 0,
    "updated": 0
  },
  {
    "id": "a7bfcc9b-b297-4c09-a30d-411f9bb0c8f3",
    "data": [
      {
        "text": "après-demain",
        "alias": "date-time",
        "meta": "@sys.date-time",
        "userDefined": false
      }
    ],
    "isTemplate": false,
    "count": 0,
    "updated": 0
  },
  {
    "id": "d38d305a-4318-4400-83b2-849feb17e842",
    "data": [
      {
        "text": "et ",
        "userDefined": false
      },
      {
        "text": "ce week end",
        "alias": "date-time",
        "meta": "@sys.date-time",
        "userDefined": true
      }
    ],
    "isTemplate": false,
    "count": 1,
    "updated": 0
  },
  {
    "id": "6b8b3c41-4798-4229-a214-f34f4c02c5d7",
    "data": [
      {
        "text": "et",
        "meta": "@sys.ignore",
        "userDefined": false
      },
      {
        "text": " ",
        "userDefined": false
      },
      {
        "text": "demain",
        "alias": "date-time",
        "meta": "@sys.date-time",
        "userDefined": false
      }
    ],
    "isTemplate": false,
    "count": 0,
    "updated": 0
  },
  {
    "id": "c01e793d-8657-47f3-91b2-9c045660fb4d",
    "data": [
      {
        "text": "ce dimanche",
        "alias": "date-time",
        "meta": "@sys.date-time",
        "userDefined": false
      },
      {
        "text": " aussi",
        "userDefined": false
      }
    ],
    "isTemplate": false,
    "count": 0,
    "updated": 0
  },
  {
    "id": "4fe985f1-0b49-41a2-b21e-eb0bb5e6587d",
    "data": [
      {
        "text": "maintenant ",
        "userDefined": false
      },
      {
        "text": "lundi",
        "alias": "date-time",
        "meta": "@sys.date-time",
        "userDefined": false
      }
    ],
    "isTemplate": false,
    "count": 0,
    "updated": 0
  }
]