[
  {
    "id": "a23a4545-b095-40e0-8229-59c7467cfe8a",
    "data": [
      {
        "text": "我還要",
        "userDefined": false
      },
      {
        "text": "細雨",
        "alias": "condition",
        "meta": "@weather-condition",
        "userDefined": false
      }
    ],
    "isTemplate": false,
    "count": 0,
    "updated": 0
  },
  {
    "id": "1ad133f8-2ce6-42ae-bf68-58ec74fd458a",
    "data": [
      {
        "text": "還能不能",
        "userDefined": false
      },
      {
        "text": "太陽",
        "alias": "condition",
        "meta": "@weather-condition",
        "userDefined": false
      }
    ],
    "isTemplate": false,
    "count": 0,
    "updated": 0
  },
  {
    "id": "355842e5-a83b-4e76-b393-d5e9d17837d8",
    "data": [
      {
        "text": "會不會",
        "userDefined": false
      },
      {
        "text": "多雲",
        "alias": "condition",
        "meta": "@weather-condition",
        "userDefined": false
      }
    ],
    "isTemplate": false,
    "count": 0,
    "updated": 0
  },
  {
    "id": "bb7c70b3-96e5-4a72-9c70-d900edf87455",
    "data": [
      {
        "text": "還需要",
        "userDefined": false
      },
      {
        "text": "晴朗",
        "alias": "condition",
        "meta": "@weather-condition",
        "userDefined": false
      }
    ],
    "isTemplate": false,
    "count": 0,
    "updated": 0
  },
  {
    "id": "6e7da4ea-5983-4f2c-90b8-87a767a74139",
    "data": [
      {
        "text": "還要",
        "userDefined": false
      },
      {
        "text": "多風",
        "alias": "condition",
        "meta": "@weather-condition",
        "userDefined": false
      }
    ],
    "isTemplate": false,
    "count": 0,
    "updated": 0
  },
  {
    "id": "32cb50fc-bdb8-47d0-89d6-2919610d0073",
    "data": [
      {
        "text": "關于",
        "userDefined": false
      },
      {
        "text": "風",
        "alias": "condition",
        "meta": "@weather-condition",
        "userDefined": false
      }
    ],
    "isTemplate": false,
    "count": 0,
    "updated": 0
  },
  {
    "id": "4a2671ad-37de-4650-9a3d-c2773fbbc529",
    "data": [
      {
        "text": "能不能",
        "userDefined": false
      },
      {
        "text": "雷暴",
        "alias": "condition",
        "meta": "@weather-condition",
        "userDefined": false
      }
    ],
    "isTemplate": false,
    "count": 0,
    "updated": 0
  },
  {
    "id": "496b9206-4d6b-4cc5-8a46-af51b21ac0d2",
    "data": [
      {
        "text": "怎麽能",
        "userDefined": false
      },
      {
        "text": "雷雨",
        "alias": "condition",
        "meta": "@weather-condition",
        "userDefined": false
      }
    ],
    "isTemplate": false,
    "count": 0,
    "updated": 0
  },
  {
    "id": "a6d38ce7-f48e-4d20-a3c6-5b0215848740",
    "data": [
      {
        "text": "煙霧",
        "alias": "condition",
        "meta": "@weather-condition",
        "userDefined": false
      },
      {
        "text": "呢",
        "userDefined": false
      }
    ],
    "isTemplate": false,
    "count": 1,
    "updated": 0
  },
  {
    "id": "93028c68-673f-413a-91eb-4be1bc9737cb",
    "data": [
      {
        "text": "現在",
        "userDefined": false
      },
      {
        "text": "下雨",
        "alias": "condition",
        "meta": "@weather-condition",
        "userDefined": false
      }
    ],
    "isTemplate": false,
    "count": 0,
    "updated": 0
  },
  {
    "id": "89ba3552-612e-424d-b92b-21231733ac91",
    "data": [
      {
        "text": "我還很想",
        "userDefined": false
      },
      {
        "text": "陣雪",
        "alias": "condition",
        "meta": "@weather-condition",
        "userDefined": false
      }
    ],
    "isTemplate": false,
    "count": 0,
    "updated": 0
  }
]