[
  {
    "id": "6da94505-c4ac-4f9f-a01e-bbec95952b36",
    "data": [
      {
        "text": "雪",
        "alias": "weather-condition",
        "meta": "@weather-condition",
        "userDefined": true
      },
      {
        "text": "はどう",
        "userDefined": false
      }
    ],
    "isTemplate": false,
    "count": 0,
    "updated": 0
  },
  {
    "id": "fba20f20-8b43-4ecb-8f66-011b5d1f3243",
    "data": [
      {
        "text": "じゃあ",
        "userDefined": false
      },
      {
        "text": "雨",
        "alias": "weather-condition",
        "meta": "@weather-condition",
        "userDefined": true
      },
      {
        "text": "は",
        "userDefined": false
      }
    ],
    "isTemplate": false,
    "count": 0,
    "updated": 0
  }
]