[
  {
    "id": "b1dffe27-c620-4b7b-8f34-e421f1eef199",
    "data": [
      {
        "text": "今日",
        "alias": "date-time",
        "meta": "@sys.date-time",
        "userDefined": true
      },
      {
        "text": "は",
        "userDefined": false
      },
      {
        "text": "スキー",
        "alias": "activity",
        "meta": "@activity",
        "userDefined": true
      },
      {
        "text": "をするつもりだけど、できるかな",
        "userDefined": false
      }
    ],
    "isTemplate": false,
    "count": 0,
    "updated": 0
  },
  {
    "id": "ae725a95-7c55-454f-a7bd-99426ad9809b",
    "data": [
      {
        "text": "雪合戦",
        "alias": "activity",
        "meta": "@activity",
        "userDefined": true
      },
      {
        "text": "するのに良い天気ですか",
        "userDefined": false
      }
    ],
    "isTemplate": false,
    "count": 0,
    "updated": 0
  },
  {
    "id": "248f97db-49fa-42dd-80be-c11c63d03daa",
    "data": [
      {
        "text": "外で",
        "userDefined": false
      },
      {
        "text": "フリスビー",
        "alias": "activity",
        "meta": "@activity",
        "userDefined": true
      },
      {
        "text": "で遊べるくらい良い天気",
        "userDefined": false
      }
    ],
    "isTemplate": false,
    "count": 0,
    "updated": 0
  },
  {
    "id": "4747f378-9d80-4eb2-9373-84733fc405bb",
    "data": [
      {
        "text": "明日",
        "alias": "date-time",
        "meta": "@sys.date-time",
        "userDefined": true
      },
      {
        "text": "ハイキング",
        "alias": "activity",
        "meta": "@activity",
        "userDefined": true
      },
      {
        "text": "するのにちょうど良い",
        "userDefined": false
      }
    ],
    "isTemplate": false,
    "count": 0,
    "updated": 0
  },
  {
    "id": "cb1a5ee7-a5ae-4655-be2e-b6281fe58712",
    "data": [
      {
        "text": "サイクリング",
        "alias": "activity",
        "meta": "@activity",
        "userDefined": true
      },
      {
        "text": "するのに良い天気だと思う",
        "userDefined": false
      }
    ],
    "isTemplate": false,
    "count": 0,
    "updated": 0
  },
  {
    "id": "f51a7176-ff0e-46e2-948c-1c429c0bd1e0",
    "data": [
      {
        "text": "フリスビー",
        "alias": "activity",
        "meta": "@activity",
        "userDefined": true
      },
      {
        "text": "には向かない天気だと思う",
        "userDefined": false
      }
    ],
    "isTemplate": false,
    "count": 0,
    "updated": 0
  },
  {
    "id": "4e4d5802-af84-4dbc-9626-93cb0127dd85",
    "data": [
      {
        "text": "走り",
        "alias": "activity",
        "meta": "@activity",
        "userDefined": true
      },
      {
        "text": "に行ったほうがいいですか",
        "userDefined": false
      }
    ],
    "isTemplate": false,
    "count": 0,
    "updated": 0
  },
  {
    "id": "e074e758-daf9-49d1-98bd-30acaae9e4e8",
    "data": [
      {
        "text": "富士山",
        "alias": "address",
        "meta": "@sys.location",
        "userDefined": true
      },
      {
        "text": "に",
        "userDefined": false
      },
      {
        "text": "登り",
        "alias": "activity",
        "meta": "@activity",
        "userDefined": true
      },
      {
        "text": "に行ける",
        "userDefined": false
      }
    ],
    "isTemplate": false,
    "count": 0,
    "updated": 0
  },
  {
    "id": "9fd6515b-b092-4744-8f0c-edc0ee880104",
    "data": [
      {
        "text": "サーフィン",
        "alias": "activity",
        "meta": "@activity",
        "userDefined": true
      },
      {
        "text": "に行けるの",
        "userDefined": false
      }
    ],
    "isTemplate": false,
    "count": 0,
    "updated": 0
  },
  {
    "id": "c743ce26-13d2-44f1-9bd7-56712e9b5f01",
    "data": [
      {
        "text": "散歩",
        "alias": "activity",
        "meta": "@activity",
        "userDefined": true
      },
      {
        "text": "をするには良い天気",
        "userDefined": false
      }
    ],
    "isTemplate": false,
    "count": 0,
    "updated": 0
  }
]